"id","name","birthDate","power","gender","color"
"0","Ronaldo Valryon","Sun Dec 22 02:11:40 IST 1968","65","FEMALE","BLUE"
"1","Evert Vermithrax","Sat May 31 19:46:47 IST 1969","12","MALE","BLUE"
"2","Duane Ghiscar","Tue Dec 17 13:16:24 IST 1968","61","MALE","RED"
"3","Bud Syrax","Wed Apr 09 06:42:39 IST 1969","85","MALE","BLACK"
"4","Taurean Caraxes","Wed Nov 27 10:55:12 IST 1968","15","FEMALE","BROWN"
"5","Santa Meraxes","Sun May 04 07:03:59 IST 1969","81","MALE","RED"
"6","Reginald Tyraxes","Tue Jul 01 17:52:55 IST 1969","22","FEMALE","RED"
"7","Nash Archonei","Tue Feb 25 00:40:38 IST 1969","66","FEMALE","GREEN"
"8","Hazel Drogon","Wed Nov 20 13:16:32 IST 1968","66","FEMALE","GRAY"
"9","Lexie Caraxes","Sun Jun 08 14:51:41 IST 1969","53","MALE","BLUE"
"10","Declan Valryon","Thu Aug 22 18:40:44 IST 1968","92","MALE","GREEN"
"11","Adonis Sunfyre","Tue Feb 25 11:37:07 IST 1969","76","FEMALE","YELLOW"
"12","Precious Tyraxes","Tue Jul 16 09:37:58 IST 1968","74","FEMALE","BLUE"
"13","Tommie Syrax","Sat Sep 21 19:26:55 IST 1968","75","MALE","GRAY"
"14","Carolyn Viserion","Sun Apr 27 06:52:36 IST 1969","74","MALE","GREEN"
"15","Angus Vermithrax","Sat Feb 08 18:36:37 IST 1969","78","FEMALE","WHITE"
"16","Anita Meraxes","Sun May 25 09:07:33 IST 1969","37","MALE","BROWN"
"17","Iva Sunfyre","Thu Jul 10 03:25:38 IST 1969","56","MALE","BROWN"
"18","Lucy Tyraxes","Thu Feb 20 19:59:04 IST 1969","21","MALE","BLACK"
"19","Brandy Drogon","Mon May 19 12:06:31 IST 1969","17","FEMALE","GREEN"
"20","Citlalli Balerion","Sun Dec 29 07:49:54 IST 1968","84","FEMALE","GREEN"
"21","Hanna Dreamfyre","Sat Nov 23 21:47:10 IST 1968","94","FEMALE","BLUE"
"22","Haley Valryon","Fri Oct 18 11:30:50 IST 1968","78","MALE","GREEN"
"23","Retha Morghul","Sun Mar 02 13:46:54 IST 1969","82","FEMALE","BLACK"
"24","Annamarie Rhaegal","Sun Feb 09 11:38:16 IST 1969","22","MALE","GRAY"
"25","Kaitlyn Meleys","Tue Feb 04 05:41:28 IST 1969","63","FEMALE","WHITE"
"26","Arnold Meraxes","Tue Oct 01 04:26:29 IST 1968","75","MALE","BROWN"
"27","Hollis Viserion","Fri May 30 00:15:41 IST 1969","49","FEMALE","RED"
"28","Mckenzie Shrykos","Sun Nov 10 23:06:24 IST 1968","31","FEMALE","BLACK"
"29","Jana Sunfyre","Mon Sep 02 04:47:48 IST 1968","66","FEMALE","BLUE"
"30","Frankie Vhagar","Fri Dec 27 06:51:44 IST 1968","65","MALE","GREEN"
"31","Kevin Balerion","Sat Jun 14 03:27:10 IST 1969","73","MALE","BROWN"
"32","Marge Drogon","Mon Dec 23 20:18:22 IST 1968","53","FEMALE","BLUE"
"33","Leone Dreamfyre","Tue Jun 17 02:07:02 IST 1969","54","MALE","WHITE"
"34","Laurine Vermithrax","Sun Sep 29 06:03:20 IST 1968","62","MALE","BLUE"
"35","Spencer Shrykos","Thu Jul 10 04:50:06 IST 1969","43","MALE","WHITE"
"36","Marielle Drogon","Thu May 29 19:03:48 IST 1969","88","MALE","GRAY"
"37","Jabari Sunfyre","Thu Sep 05 14:29:51 IST 1968","79","MALE","GREEN"
"38","Domenico Balerion","Thu Nov 21 19:51:45 IST 1968","59","MALE","WHITE"
"39","Pietro Meraxes","Thu Jul 10 13:28:08 IST 1969","25","MALE","RED"
"40","Vergie Meleys","Sat Oct 26 16:51:27 IST 1968","68","MALE","GRAY"
"41","Jamir Caraxes","Thu Apr 24 09:03:53 IST 1969","32","MALE","BLACK"
"42","Modesta Drogon","Fri Jul 04 14:32:23 IST 1969","88","FEMALE","YELLOW"
"43","Johnathan Meleys","Wed Oct 02 09:17:59 IST 1968","81","FEMALE","BROWN"
"44","Julianne Archonei","Mon Feb 24 16:21:39 IST 1969","78","FEMALE","YELLOW"
"45","Consuelo Meleys","Wed Jan 01 19:45:54 IST 1969","47","MALE","GREEN"
"46","Hank Essovius","Sun Feb 16 20:49:52 IST 1969","93","FEMALE","BLUE"
"47","Amiya Shrykos","Tue Apr 15 01:12:56 IST 1969","41","FEMALE","WHITE"
"48","Karen Viserion","Sat Nov 23 14:55:38 IST 1968","13","MALE","GRAY"
"49","Avis Tyraxes","Mon Nov 11 13:15:45 IST 1968","14","FEMALE","GRAY"
"50","Brittany Drogon","Sun Nov 24 02:01:50 IST 1968","37","MALE","GRAY"
"51","Kaleigh Meraxes","Sat May 24 00:37:37 IST 1969","58","FEMALE","WHITE"
"52","Annamae Essovius","Wed Jan 22 22:27:22 IST 1969","88","MALE","GRAY"
"53","Tobin Meleys","Sun Oct 27 00:19:11 IST 1968","14","MALE","RED"
"54","Ariel Meleys","Tue Dec 31 18:25:35 IST 1968","69","MALE","BLUE"
"55","Hobart Dreamfyre","Sun Jan 12 01:40:20 IST 1969","79","MALE","YELLOW"
"56","Otto Tyraxes","Sat Mar 22 23:38:12 IST 1969","28","MALE","YELLOW"
"57","Asha Rhaegal","Tue Jan 07 12:58:42 IST 1969","45","FEMALE","BLUE"
"58","Johann Meleys","Wed May 28 05:57:58 IST 1969","59","MALE","BROWN"
"59","Jadyn Morghul","Sat Jan 25 14:12:22 IST 1969","33","FEMALE","BLACK"
"60","Loma Balerion","Fri Oct 25 11:11:40 IST 1968","72","FEMALE","BLACK"
"61","Cielo Ghiscar","Thu Aug 15 20:12:25 IST 1968","72","MALE","WHITE"
"62","Earline Meraxes","Tue Aug 13 22:29:34 IST 1968","21","MALE","WHITE"
"63","Pearl Meraxes","Fri Jun 27 14:17:32 IST 1969","78","MALE","WHITE"
"64","Alexandrine Drogon","Sat Feb 22 20:31:19 IST 1969","13","FEMALE","YELLOW"
"65","Dortha Morghul","Sat Nov 02 14:27:12 IST 1968","40","FEMALE","GREEN"
"66","Myrtie Sunfyre","Wed Apr 09 04:12:35 IST 1969","55","FEMALE","BLUE"
"67","Bethany Shrykos","Fri Oct 04 17:17:42 IST 1968","47","MALE","BLUE"
"68","Sven Morghul","Sat Mar 08 12:14:13 IST 1969","29","MALE","BROWN"
"69","Kylee Viserion","Sun Apr 13 13:05:30 IST 1969","93","FEMALE","GRAY"
"70","Dedrick Dreamfyre","Fri Jun 27 10:23:31 IST 1969","28","MALE","RED"
"71","Jeffery Syrax","Sun Jun 08 08:30:07 IST 1969","54","FEMALE","WHITE"
"72","Arturo Essovius","Sun Nov 24 23:55:46 IST 1968","10","FEMALE","GREEN"
"73","Eileen Morghul","Wed Aug 21 06:52:18 IST 1968","26","FEMALE","BLUE"
"74","Rebecca Drogon","Fri May 30 16:58:53 IST 1969","93","FEMALE","GREEN"
"75","Hilbert Syrax","Fri Jan 03 14:26:19 IST 1969","55","FEMALE","BLACK"
"76","Noah Ghiscar","Wed Feb 19 11:11:27 IST 1969","88","MALE","BLUE"
"77","Elmo Vermithrax","Tue Jul 16 02:45:46 IST 1968","75","MALE","WHITE"
"78","Hellen Rhaegal","Thu Sep 19 07:54:30 IST 1968","86","MALE","BLUE"
"79","Clarabelle Sunfyre","Thu Dec 19 14:41:16 IST 1968","71","MALE","GRAY"
"80","Noemi Dreamfyre","Mon Sep 30 17:12:43 IST 1968","53","FEMALE","BROWN"
"81","Joany Rhaegal","Mon Aug 26 02:10:24 IST 1968","47","FEMALE","BLACK"
"82","Carroll Meleys","Thu Nov 21 01:11:01 IST 1968","46","MALE","BROWN"
"83","Augustine Vermithrax","Sun Nov 17 23:01:56 IST 1968","23","MALE","YELLOW"
"84","Lilyan Drogon","Fri Aug 09 23:40:25 IST 1968","34","MALE","BLUE"
"85","Madilyn Caraxes","Mon Sep 16 17:24:59 IST 1968","68","MALE","BLUE"
"86","Geoffrey Valryon","Thu Jul 03 03:19:07 IST 1969","61","FEMALE","YELLOW"
"87","Susie Ghiscar","Mon May 26 08:05:25 IST 1969","79","MALE","BROWN"
"88","Gillian Viserion","Mon Nov 04 01:24:01 IST 1968","71","MALE","GRAY"
"89","Bailee Valryon","Wed Jul 24 14:36:54 IST 1968","66","FEMALE","BROWN"
"90","Rosalyn Archonei","Thu Dec 19 11:56:11 IST 1968","38","FEMALE","GRAY"
"91","Rory Dreamfyre","Thu Mar 13 04:04:52 IST 1969","34","FEMALE","GRAY"
"92","Ford Drogon","Mon Jan 06 11:34:42 IST 1969","37","FEMALE","GREEN"
"93","Raymundo Shrykos","Mon Dec 30 11:22:50 IST 1968","57","MALE","BLUE"
"94","Abdul Caraxes","Mon Jan 20 16:56:05 IST 1969","55","MALE","BROWN"
"95","Sadye Archonei","Thu Jun 26 04:25:40 IST 1969","88","FEMALE","GRAY"
"96","Evert Morghul","Fri Oct 11 14:06:35 IST 1968","20","FEMALE","BLACK"
"97","Guillermo Meleys","Tue Sep 17 00:22:01 IST 1968","54","MALE","BLACK"
"98","Wilmer Vermithrax","Sun Mar 30 02:32:08 IST 1969","81","FEMALE","YELLOW"
"99","Theodora Morghul","Tue Apr 22 06:36:02 IST 1969","45","FEMALE","BLACK"
"100","Bernard Essovius","Thu Oct 03 14:22:15 IST 1968","29","MALE","WHITE"
"101","Hunter Rhaegal","Wed Nov 20 14:55:16 IST 1968","52","MALE","WHITE"
"102","Ted Vermithrax","Tue Apr 08 00:00:41 IST 1969","41","FEMALE","BROWN"
"103","Alvis Tyraxes","Thu Apr 10 20:31:15 IST 1969","53","MALE","YELLOW"
"104","Keyshawn Drogon","Sat Nov 30 06:58:45 IST 1968","37","MALE","GREEN"
"105","River Morghul","Tue Oct 22 10:48:44 IST 1968","54","MALE","BLACK"
"106","Lafayette Caraxes","Fri Nov 29 08:50:45 IST 1968","84","FEMALE","GRAY"
"107","Gus Essovius","Wed Sep 04 18:17:01 IST 1968","27","MALE","BROWN"
"108","Fatima Dreamfyre","Wed Jun 18 00:35:49 IST 1969","83","MALE","GRAY"
"109","Eudora Meleys","Wed Sep 25 12:44:41 IST 1968","53","MALE","BROWN"
"110","Neha Sunfyre","Thu Jan 02 21:30:56 IST 1969","41","MALE","BLUE"
"111","Luciano Caraxes","Wed Oct 09 04:00:00 IST 1968","15","MALE","RED"
"112","Nadia Vermithrax","Fri Jan 31 20:29:57 IST 1969","41","MALE","YELLOW"
"113","Bailey Vhagar","Fri May 23 21:33:13 IST 1969","34","MALE","GRAY"
"114","Hassan Morghul","Sat Dec 14 02:34:04 IST 1968","16","FEMALE","GREEN"
"115","Kale Shrykos","Tue Aug 27 20:41:43 IST 1968","82","MALE","YELLOW"
"116","Crystel Morghul","Mon Apr 14 00:25:58 IST 1969","39","FEMALE","GREEN"
"117","Providenci Balerion","Wed Dec 04 04:32:35 IST 1968","21","MALE","BLACK"
"118","Cathrine Archonei","Sun Mar 30 14:56:17 IST 1969","79","FEMALE","GRAY"
"119","Idella Valryon","Wed Jul 31 05:38:57 IST 1968","78","FEMALE","WHITE"
"120","Kyle Meleys","Mon Mar 24 04:41:11 IST 1969","79","MALE","RED"
"121","Dulce Meleys","Sat Aug 03 04:48:08 IST 1968","20","FEMALE","GRAY"
"122","Leanne Viserion","Sat Sep 28 04:33:27 IST 1968","20","MALE","WHITE"
"123","Chelsea Sunfyre","Sun Nov 03 10:53:28 IST 1968","31","MALE","BROWN"
"124","Tremaine Archonei","Mon Sep 30 06:29:00 IST 1968","43","MALE","RED"
"125","Noemie Valryon","Fri Jun 06 13:10:44 IST 1969","37","FEMALE","BROWN"
"126","Florian Dreamfyre","Fri May 23 17:26:28 IST 1969","46","MALE","YELLOW"
"127","Yolanda Viserion","Tue Apr 15 23:14:56 IST 1969","39","MALE","YELLOW"
"128","Delfina Balerion","Thu Sep 26 11:57:11 IST 1968","62","MALE","WHITE"
"129","Angel Shrykos","Sun Jul 14 08:16:15 IST 1968","16","FEMALE","GRAY"
"130","Kendall Ghiscar","Fri Oct 25 01:25:58 IST 1968","45","FEMALE","GREEN"
"131","Frankie Drogon","Mon Oct 21 16:33:00 IST 1968","81","FEMALE","GRAY"
"132","Horacio Morghul","Sun Jul 13 08:51:03 IST 1969","40","MALE","GRAY"
"133","Tyree Vermithrax","Sun Sep 29 20:33:17 IST 1968","68","FEMALE","BROWN"
"134","Aurelie Morghul","Thu Aug 01 04:43:53 IST 1968","68","FEMALE","BLUE"
"135","Gerry Sunfyre","Sat May 24 18:48:39 IST 1969","39","MALE","RED"
"136","Steve Vhagar","Mon Jul 29 18:08:13 IST 1968","72","MALE","BLACK"
"137","Ora Morghul","Mon Dec 02 21:00:59 IST 1968","62","MALE","BLUE"
"138","Joan Archonei","Mon Jul 07 04:18:20 IST 1969","95","MALE","GRAY"
"139","Barrett Meleys","Sat Nov 16 20:11:15 IST 1968","11","FEMALE","GRAY"
"140","Milo Essovius","Fri Sep 06 05:18:49 IST 1968","58","MALE","GRAY"
"141","Rozella Essovius","Thu Mar 06 04:19:47 IST 1969","17","MALE","BROWN"
"142","Hilma Viserion","Sun Feb 02 20:17:38 IST 1969","75","FEMALE","GREEN"
"143","Alaina Dreamfyre","Tue Dec 03 14:09:16 IST 1968","63","FEMALE","BLUE"
"144","Jillian Meleys","Mon Oct 21 16:51:53 IST 1968","26","MALE","GRAY"
"145","Josiane Vermithrax","Fri Jan 31 22:29:05 IST 1969","16","FEMALE","WHITE"
"146","Lawson Drogon","Mon Feb 17 13:14:40 IST 1969","66","FEMALE","BLACK"
"147","Jedediah Shrykos","Mon Aug 12 16:21:53 IST 1968","44","MALE","RED"
"148","Katharina Caraxes","Sun Aug 11 22:58:03 IST 1968","74","MALE","BROWN"
"149","Vito Drogon","Sun Oct 27 19:38:07 IST 1968","47","FEMALE","BROWN"
"150","Anahi Rhaegal","Fri Nov 15 22:57:16 IST 1968","18","FEMALE","BROWN"
"151","Orlando Vhagar","Tue Apr 15 05:40:20 IST 1969","79","FEMALE","GRAY"
"152","Nigel Balerion","Tue Apr 08 06:30:10 IST 1969","15","MALE","GRAY"
"153","Ellie Essovius","Fri Jan 03 11:45:50 IST 1969","76","MALE","BLACK"
"154","Anais Sunfyre","Wed Feb 19 16:50:12 IST 1969","27","MALE","WHITE"
"155","Kaycee Dreamfyre","Tue Feb 04 22:56:49 IST 1969","20","MALE","RED"
"156","Nora Viserion","Mon Sep 02 18:30:13 IST 1968","48","MALE","YELLOW"
"157","Rhea Archonei","Fri Aug 30 22:57:00 IST 1968","83","FEMALE","WHITE"
"158","Lincoln Meraxes","Wed Dec 11 15:43:47 IST 1968","60","MALE","YELLOW"
"159","Jarrett Sunfyre","Sun Jul 28 01:17:48 IST 1968","70","FEMALE","BLACK"
"160","Zelda Balerion","Wed Dec 18 01:17:27 IST 1968","79","FEMALE","YELLOW"
"161","Eloisa Shrykos","Wed Jan 15 12:22:27 IST 1969","90","MALE","BLACK"
"162","Nikki Valryon","Thu Sep 12 10:57:58 IST 1968","64","FEMALE","BROWN"
"163","Sydnee Balerion","Fri Jul 11 12:24:49 IST 1969","71","FEMALE","GREEN"
"164","Antwan Essovius","Sat Dec 21 20:48:09 IST 1968","36","FEMALE","BROWN"
"165","Georgianna Morghul","Tue Dec 03 01:28:52 IST 1968","27","MALE","WHITE"
"166","Dangelo Syrax","Mon Mar 31 13:25:53 IST 1969","90","FEMALE","BROWN"
"167","Dorris Caraxes","Wed Jan 22 23:06:48 IST 1969","15","MALE","GRAY"
"168","Lori Shrykos","Tue Feb 25 17:56:18 IST 1969","16","MALE","YELLOW"
"169","Murl Valryon","Sat Aug 10 10:13:14 IST 1968","80","FEMALE","BROWN"
"170","Chaya Vhagar","Thu May 22 23:46:55 IST 1969","22","MALE","BLUE"
"171","Serenity Meleys","Thu Apr 03 20:21:09 IST 1969","64","MALE","WHITE"
"172","Clemens Drogon","Sat Jan 11 17:57:06 IST 1969","74","MALE","BROWN"
"173","Ruby Viserion","Tue Sep 03 17:37:47 IST 1968","72","FEMALE","GREEN"
"174","Abbie Caraxes","Sun Jan 19 16:39:27 IST 1969","20","FEMALE","BLACK"
"175","Zackery Ghiscar","Fri Mar 14 12:59:20 IST 1969","77","MALE","GRAY"
"176","Randy Meraxes","Sun Apr 27 09:18:22 IST 1969","87","MALE","GREEN"
"177","Clare Vermithrax","Tue Dec 03 20:01:45 IST 1968","73","MALE","GRAY"
"178","Marge Rhaegal","Tue Apr 22 23:21:24 IST 1969","39","MALE","GRAY"
"179","Cloyd Dreamfyre","Thu May 22 06:02:05 IST 1969","76","FEMALE","BLACK"
"180","Jermaine Ghiscar","Sun Sep 15 05:12:56 IST 1968","53","MALE","WHITE"
"181","Allan Morghul","Thu Nov 07 18:35:36 IST 1968","57","FEMALE","GRAY"
"182","Devan Ghiscar","Fri Apr 11 18:04:04 IST 1969","38","MALE","GRAY"
"183","Keara Vermithrax","Sat Apr 19 16:26:14 IST 1969","10","MALE","BLACK"
"184","Ellsworth Valryon","Sun Mar 23 15:36:00 IST 1969","20","MALE","WHITE"
"185","Nellie Meleys","Sat Apr 26 06:08:17 IST 1969","80","MALE","WHITE"
"186","Tony Caraxes","Tue Dec 31 20:15:34 IST 1968","54","FEMALE","GREEN"
"187","Cole Tyraxes","Mon Apr 28 12:26:55 IST 1969","55","FEMALE","GREEN"
"188","Lempi Archonei","Mon Dec 23 03:35:08 IST 1968","24","FEMALE","BLUE"
"189","Darian Meraxes","Tue Nov 26 15:16:01 IST 1968","24","FEMALE","WHITE"
"190","Orion Balerion","Wed Oct 02 22:08:20 IST 1968","59","MALE","WHITE"
"191","Claud Archonei","Tue Apr 29 07:20:29 IST 1969","63","FEMALE","YELLOW"
"192","Sibyl Meraxes","Sun Apr 06 14:23:03 IST 1969","68","FEMALE","GRAY"
"193","Velva Balerion","Sat Jan 11 08:33:27 IST 1969","51","FEMALE","YELLOW"
"194","Amely Syrax","Sun Mar 09 14:52:33 IST 1969","44","MALE","RED"
"195","Benjamin Shrykos","Fri Jul 19 11:17:28 IST 1968","56","MALE","GREEN"
"196","Trudie Sunfyre","Tue Jul 30 18:11:11 IST 1968","88","MALE","GRAY"
"197","Kallie Meraxes","Thu Mar 27 22:31:33 IST 1969","14","MALE","BROWN"
"198","Broderick Drogon","Thu Sep 12 16:59:25 IST 1968","43","FEMALE","BLACK"
"199","Carmelo Meleys","Mon Mar 31 10:08:27 IST 1969","61","MALE","BROWN"
"200","Ally Dreamfyre","Thu May 22 01:19:24 IST 1969","62","MALE","BROWN"
"201","Dexter Shrykos","Mon Aug 19 19:20:44 IST 1968","90","MALE","YELLOW"
"202","Allen Balerion","Mon Oct 28 15:41:54 IST 1968","19","MALE","GREEN"
"203","Sage Meleys","Mon Jun 16 08:10:11 IST 1969","59","FEMALE","BROWN"
"204","Ricky Archonei","Sun Jan 05 22:59:49 IST 1969","86","MALE","BROWN"
"205","Allene Viserion","Tue Apr 22 05:19:10 IST 1969","60","FEMALE","BLACK"
"206","Ressie Syrax","Fri May 09 05:13:01 IST 1969","50","FEMALE","BLUE"
"207","Robbie Ghiscar","Sun Feb 02 19:36:05 IST 1969","39","FEMALE","RED"
"208","Chloe Essovius","Fri Mar 14 06:59:31 IST 1969","66","MALE","BLACK"
"209","Malinda Valryon","Wed Nov 06 19:55:43 IST 1968","72","MALE","BROWN"
"210","Johan Vermithrax","Tue Jul 08 22:42:26 IST 1969","56","MALE","GRAY"
"211","Micah Rhaegal","Wed Oct 30 00:30:29 IST 1968","29","MALE","WHITE"
"212","Lempi Tyraxes","Tue Mar 11 10:30:35 IST 1969","13","FEMALE","RED"
"213","Monique Drogon","Thu Apr 03 00:14:53 IST 1969","73","MALE","BLUE"
"214","Jewel Meraxes","Sat Nov 09 09:08:24 IST 1968","17","FEMALE","GREEN"
"215","Walton Sunfyre","Tue Jun 24 14:32:56 IST 1969","62","MALE","BROWN"
"216","Greyson Essovius","Thu May 08 20:53:44 IST 1969","52","MALE","GRAY"
"217","Deonte Rhaegal","Wed Jun 04 10:48:29 IST 1969","32","MALE","BLACK"
"218","Loren Shrykos","Fri Jul 26 18:22:25 IST 1968","81","FEMALE","WHITE"
"219","Esmeralda Syrax","Wed Sep 25 02:36:17 IST 1968","19","FEMALE","GREEN"
"220","Laurel Valryon","Mon Sep 23 18:04:54 IST 1968","95","MALE","WHITE"
"221","Nigel Vermithrax","Tue May 20 21:55:06 IST 1969","18","MALE","BLUE"
"222","Jewell Valryon","Sun Apr 13 02:06:03 IST 1969","31","FEMALE","GREEN"
"223","Nia Archonei","Sat May 17 12:58:54 IST 1969","19","MALE","RED"
"224","Roman Meraxes","Mon Apr 07 04:28:27 IST 1969","64","FEMALE","BLACK"
"225","Darrion Valryon","Sat May 17 10:30:43 IST 1969","57","MALE","GRAY"
"226","Wilhelm Caraxes","Sat Jul 20 13:11:30 IST 1968","18","MALE","BLUE"
"227","Tressie Shrykos","Sun Mar 16 07:09:39 IST 1969","81","MALE","GRAY"
"228","Tanya Valryon","Wed Jun 04 06:29:47 IST 1969","46","FEMALE","GRAY"
"229","Lizeth Caraxes","Sun Jul 06 18:07:36 IST 1969","35","FEMALE","BROWN"
"230","Keegan Archonei","Wed Jun 25 19:05:11 IST 1969","15","FEMALE","WHITE"
"231","Cassandre Ghiscar","Thu Nov 28 01:33:14 IST 1968","77","MALE","GREEN"
"232","Brandy Meraxes","Tue Jul 01 01:58:54 IST 1969","70","MALE","BROWN"
"233","Al Drogon","Sun Aug 04 16:51:26 IST 1968","29","FEMALE","BLUE"
"234","Nestor Rhaegal","Mon Dec 23 07:30:33 IST 1968","36","MALE","RED"
"235","Lois Vermithrax","Tue Oct 08 18:42:43 IST 1968","56","FEMALE","BLACK"
"236","Rosie Drogon","Sun Sep 15 00:36:40 IST 1968","20","FEMALE","YELLOW"
"237","Dandre Drogon","Mon Nov 25 05:36:47 IST 1968","40","MALE","BLACK"
"238","Neha Sunfyre","Fri Feb 21 08:11:08 IST 1969","42","FEMALE","GRAY"
"239","Felicia Archonei","Tue Jan 28 02:41:21 IST 1969","53","MALE","BLACK"
"240","Bobby Balerion","Mon Nov 25 04:24:49 IST 1968","79","FEMALE","BLACK"
"241","Easton Ghiscar","Tue Mar 18 19:49:42 IST 1969","71","FEMALE","BROWN"
"242","Emiliano Drogon","Mon Dec 02 20:01:05 IST 1968","94","FEMALE","WHITE"
"243","Karina Ghiscar","Tue Oct 08 17:31:57 IST 1968","76","MALE","YELLOW"
"244","Hoyt Dreamfyre","Thu May 01 19:19:50 IST 1969","40","MALE","BROWN"
"245","Russel Meraxes","Fri Jan 17 08:45:23 IST 1969","61","FEMALE","BROWN"
"246","Christina Tyraxes","Fri Jun 13 15:55:29 IST 1969","92","MALE","GRAY"
"247","Dorothea Shrykos","Mon Jun 09 14:52:01 IST 1969","40","MALE","BROWN"
"248","Carey Sunfyre","Sun Feb 16 18:23:14 IST 1969","85","FEMALE","RED"
"249","Felicia Archonei","Wed Dec 04 09:11:16 IST 1968","70","MALE","GREEN"
"250","Austen Morghul","Mon Jul 29 05:34:08 IST 1968","31","FEMALE","BLACK"
"251","Reece Syrax","Fri Mar 07 03:57:16 IST 1969","55","FEMALE","GRAY"
"252","Vicenta Vermithrax","Wed Jan 01 18:45:05 IST 1969","42","FEMALE","WHITE"
"253","Laury Tyraxes","Thu May 01 03:57:50 IST 1969","29","FEMALE","GRAY"
"254","Nicholaus Syrax","Thu Aug 01 16:17:54 IST 1968","12","MALE","WHITE"
"255","Hugh Essovius","Sat Apr 12 11:11:05 IST 1969","41","MALE","BROWN"
"256","Mohammad Sunfyre","Fri Dec 06 00:21:13 IST 1968","72","MALE","BLACK"
"257","Savanna Rhaegal","Sat Jun 14 02:33:23 IST 1969","67","FEMALE","GREEN"
"258","Bettye Tyraxes","Mon Dec 02 12:56:35 IST 1968","14","MALE","GRAY"
"259","Jamison Tyraxes","Sun Jul 14 16:47:30 IST 1968","12","MALE","RED"
"260","Halie Archonei","Wed Jul 02 00:49:09 IST 1969","21","MALE","BLACK"
"261","Jackson Vermithrax","Sat May 17 22:32:29 IST 1969","38","MALE","WHITE"
"262","Jocelyn Viserion","Thu Jan 02 06:45:08 IST 1969","58","MALE","YELLOW"
"263","Dorothy Vermithrax","Sun Nov 24 12:52:11 IST 1968","56","MALE","BLACK"
"264","Van Archonei","Wed Dec 18 10:16:39 IST 1968","26","MALE","WHITE"
"265","Josiah Meleys","Sat Dec 28 01:09:04 IST 1968","20","FEMALE","YELLOW"
"266","Edd Sunfyre","Fri Aug 16 18:53:13 IST 1968","31","MALE","GRAY"
"267","Tyrel Caraxes","Sun Mar 09 17:45:18 IST 1969","69","FEMALE","YELLOW"
"268","Sadie Essovius","Sun Jan 05 16:16:14 IST 1969","44","MALE","GRAY"
"269","Tatum Vermithrax","Thu Dec 19 20:25:38 IST 1968","36","FEMALE","BLUE"
"270","Cloyd Syrax","Sat Apr 19 22:10:23 IST 1969","84","MALE","RED"
"271","Glennie Caraxes","Sat Jul 12 05:44:18 IST 1969","67","FEMALE","GREEN"
"272","Sheldon Meleys","Wed Apr 23 13:57:23 IST 1969","43","FEMALE","RED"
"273","Markus Vermithrax","Wed Oct 09 18:34:06 IST 1968","73","MALE","BLUE"
"274","Danny Sunfyre","Wed Sep 25 08:57:57 IST 1968","47","FEMALE","BLUE"
"275","Hank Drogon","Wed May 14 17:35:20 IST 1969","58","MALE","GREEN"
"276","Cyrus Meraxes","Sat Mar 29 13:48:57 IST 1969","62","MALE","RED"
"277","Wilhelmine Tyraxes","Sun Jul 14 01:33:55 IST 1968","10","MALE","WHITE"
"278","Golda Sunfyre","Tue Sep 03 05:54:19 IST 1968","95","MALE","YELLOW"
"279","Toy Shrykos","Tue Apr 01 16:28:34 IST 1969","86","FEMALE","GREEN"
"280","Horacio Vhagar","Fri Jun 06 20:16:42 IST 1969","44","FEMALE","BLACK"
"281","Loren Vermithrax","Sat Jun 21 17:15:05 IST 1969","24","MALE","WHITE"
"282","Al Drogon","Sat Oct 19 10:17:22 IST 1968","79","MALE","BROWN"
"283","Hipolito Morghul","Mon Nov 25 06:05:33 IST 1968","94","FEMALE","GRAY"
"284","Mohammad Vermithrax","Wed Jun 25 04:40:02 IST 1969","80","MALE","GREEN"
"285","Leanne Viserion","Thu Jul 03 08:22:14 IST 1969","75","FEMALE","GRAY"
"286","Frances Meraxes","Sat Apr 19 03:30:12 IST 1969","36","FEMALE","WHITE"
"287","Felicia Drogon","Mon Jul 15 10:24:00 IST 1968","30","MALE","BROWN"
"288","Gabe Rhaegal","Sun Apr 20 18:47:16 IST 1969","61","FEMALE","BROWN"
"289","Tomas Rhaegal","Sun Sep 01 08:28:45 IST 1968","75","FEMALE","BROWN"
"290","Estel Vermithrax","Sat May 17 13:49:26 IST 1969","58","MALE","BLACK"
"291","Rosa Viserion","Tue Mar 04 14:24:59 IST 1969","34","MALE","GREEN"
"292","Dedrick Tyraxes","Thu Aug 22 19:55:52 IST 1968","93","FEMALE","GRAY"
"293","Ashlynn Archonei","Tue Mar 18 01:10:18 IST 1969","18","MALE","WHITE"
"294","Soledad Shrykos","Sat Oct 05 01:06:14 IST 1968","85","FEMALE","BLACK"
"295","Sid Morghul","Mon Apr 07 07:42:25 IST 1969","75","MALE","BLUE"
"296","Ellen Caraxes","Thu Jul 03 20:51:25 IST 1969","50","FEMALE","BLACK"
"297","Garnet Vermithrax","Sun Dec 01 01:53:31 IST 1968","10","MALE","GRAY"
"298","Ezra Meraxes","Sun Jul 28 00:17:54 IST 1968","55","FEMALE","GREEN"
"299","Nyasia Balerion","Fri Apr 11 19:56:28 IST 1969","18","FEMALE","GREEN"
"300","Quinton Shrykos","Tue Mar 04 01:25:34 IST 1969","73","FEMALE","BLUE"
"301","Annabel Morghul","Fri Aug 09 17:58:12 IST 1968","52","MALE","WHITE"
"302","Dewayne Dreamfyre","Tue Jun 24 20:36:02 IST 1969","50","MALE","BLUE"
"303","Dexter Dreamfyre","Sun Nov 10 00:14:59 IST 1968","27","FEMALE","YELLOW"
"304","Morton Drogon","Thu Dec 05 15:47:54 IST 1968","83","FEMALE","GRAY"
"305","Alicia Rhaegal","Wed Apr 23 18:05:05 IST 1969","45","MALE","BROWN"
"306","Kaleigh Archonei","Thu Aug 08 05:21:42 IST 1968","34","FEMALE","GREEN"
"307","Catherine Dreamfyre","Fri May 30 00:40:17 IST 1969","19","FEMALE","WHITE"
"308","Dorcas Ghiscar","Wed Oct 16 09:23:25 IST 1968","59","FEMALE","BROWN"
"309","Alford Valryon","Wed Dec 18 03:55:38 IST 1968","56","MALE","WHITE"
"310","Keaton Sunfyre","Sat Aug 03 08:10:25 IST 1968","41","MALE","GREEN"
"311","Mackenzie Sunfyre","Tue Nov 19 04:28:47 IST 1968","78","MALE","YELLOW"
"312","Vinnie Shrykos","Mon Aug 12 23:25:20 IST 1968","39","MALE","BROWN"
"313","Larry Shrykos","Mon Oct 21 15:24:38 IST 1968","23","MALE","RED"
"314","Gilbert Archonei","Sun Sep 01 22:36:40 IST 1968","89","MALE","GRAY"
"315","Delta Viserion","Fri Oct 04 13:02:04 IST 1968","31","FEMALE","BLUE"
"316","Torrance Ghiscar","Sun Sep 01 02:21:22 IST 1968","92","FEMALE","GRAY"
"317","Omari Drogon","Sat Jan 11 03:58:11 IST 1969","48","FEMALE","GREEN"
"318","Lee Ghiscar","Mon Sep 30 06:38:06 IST 1968","25","FEMALE","GRAY"
"319","Chance Vhagar","Thu Dec 26 10:12:51 IST 1968","74","FEMALE","WHITE"
"320","Elsa Drogon","Sat Mar 01 17:48:37 IST 1969","36","FEMALE","GREEN"
"321","Elliot Essovius","Tue Mar 18 08:01:14 IST 1969","72","FEMALE","GRAY"
"322","Efrain Shrykos","Wed Nov 06 23:17:48 IST 1968","75","MALE","GREEN"
"323","Mohammad Vermithrax","Fri Jan 10 01:04:27 IST 1969","58","FEMALE","BLUE"
"324","Hosea Balerion","Mon Jun 09 20:11:14 IST 1969","79","FEMALE","WHITE"
"325","Christiana Viserion","Sun May 25 05:01:56 IST 1969","35","FEMALE","YELLOW"
"326","Albertha Dreamfyre","Tue Jan 14 05:32:35 IST 1969","92","MALE","GREEN"
"327","Lelia Meleys","Wed Aug 07 11:43:30 IST 1968","43","MALE","WHITE"
"328","Sallie Shrykos","Mon May 05 07:53:33 IST 1969","66","MALE","RED"
"329","Amos Balerion","Thu Mar 27 19:26:07 IST 1969","66","MALE","YELLOW"
"330","Verla Shrykos","Sun Feb 09 14:06:38 IST 1969","14","MALE","BROWN"
"331","Erling Ghiscar","Sat Dec 07 03:29:06 IST 1968","90","FEMALE","YELLOW"
"332","Trent Syrax","Mon Oct 28 20:47:50 IST 1968","54","FEMALE","GREEN"
"333","Asa Rhaegal","Thu Mar 13 14:06:49 IST 1969","78","FEMALE","GRAY"
"334","Jon Tyraxes","Sun May 11 23:47:02 IST 1969","74","FEMALE","GRAY"
"335","Brandy Shrykos","Sat May 10 05:43:21 IST 1969","75","MALE","GREEN"
"336","Kiana Tyraxes","Thu Mar 13 01:05:14 IST 1969","78","FEMALE","YELLOW"
"337","Stacy Valryon","Wed Dec 04 12:41:09 IST 1968","91","MALE","RED"
"338","Karlie Vhagar","Mon Apr 07 13:44:14 IST 1969","16","MALE","BLACK"
"339","Alysha Rhaegal","Wed Apr 02 15:12:26 IST 1969","70","FEMALE","GREEN"
"340","Hillard Meraxes","Tue Apr 01 05:57:57 IST 1969","85","FEMALE","BLUE"
"341","Desiree Morghul","Fri Feb 14 16:20:17 IST 1969","82","FEMALE","BLACK"
"342","Sammie Dreamfyre","Wed Sep 11 00:46:29 IST 1968","81","FEMALE","GREEN"
"343","Hilton Ghiscar","Thu Feb 27 05:31:42 IST 1969","54","FEMALE","BROWN"
"344","Guillermo Shrykos","Thu Aug 22 21:50:20 IST 1968","66","MALE","GREEN"
"345","Osvaldo Meraxes","Fri Oct 25 01:27:44 IST 1968","38","MALE","RED"
"346","Ebba Morghul","Mon Feb 10 05:15:33 IST 1969","79","MALE","BROWN"
"347","Laury Balerion","Wed Jul 02 01:37:22 IST 1969","48","FEMALE","GRAY"
"348","Wyman Sunfyre","Sun Nov 10 13:13:35 IST 1968","53","FEMALE","WHITE"
"349","Ola Dreamfyre","Thu Mar 27 13:49:30 IST 1969","15","FEMALE","BLUE"
"350","Lizzie Meleys","Wed Dec 25 08:39:25 IST 1968","75","MALE","WHITE"
"351","Heaven Sunfyre","Sun Apr 13 17:56:32 IST 1969","38","MALE","WHITE"
"352","Alexa Vhagar","Tue Dec 17 21:11:10 IST 1968","11","FEMALE","RED"
"353","Michael Rhaegal","Fri Mar 14 18:50:19 IST 1969","85","FEMALE","RED"
"354","Tyreek Vhagar","Tue Aug 27 22:34:32 IST 1968","32","FEMALE","GREEN"
"355","Ruthie Vermithrax","Tue Jan 07 00:32:08 IST 1969","63","MALE","YELLOW"
"356","Janis Meraxes","Wed Oct 02 18:46:03 IST 1968","26","FEMALE","WHITE"
"357","Aron Meleys","Sat Jul 13 08:28:49 IST 1968","54","FEMALE","GRAY"
"358","Taurean Rhaegal","Mon Jun 02 21:51:44 IST 1969","23","MALE","BLUE"
"359","Clarabelle Tyraxes","Thu Mar 06 01:21:17 IST 1969","44","MALE","RED"
"360","Blanca Essovius","Wed Feb 26 12:05:34 IST 1969","86","MALE","BLUE"
"361","Amani Tyraxes","Sat Sep 14 16:37:16 IST 1968","39","FEMALE","BLACK"
"362","Cody Vhagar","Tue Jan 07 07:40:14 IST 1969","69","FEMALE","BLACK"
"363","Waino Shrykos","Sat Aug 03 03:58:32 IST 1968","14","FEMALE","BROWN"
"364","Arthur Balerion","Sat Oct 05 22:58:18 IST 1968","49","MALE","BLUE"
"365","Reuben Syrax","Sun Apr 13 23:12:56 IST 1969","44","MALE","WHITE"
"366","Domenico Meleys","Sat Aug 17 21:49:17 IST 1968","20","MALE","GREEN"
"367","Rylan Caraxes","Mon May 12 08:04:37 IST 1969","55","FEMALE","BLACK"
"368","Enoch Viserion","Mon Feb 24 03:51:22 IST 1969","19","MALE","BLACK"
"369","Leilani Viserion","Sat Jul 20 10:53:25 IST 1968","41","FEMALE","WHITE"
"370","Quentin Balerion","Sat Jan 25 14:43:22 IST 1969","37","FEMALE","WHITE"
"371","Ericka Meraxes","Fri Oct 11 11:42:51 IST 1968","93","MALE","RED"
"372","Oliver Syrax","Sat Aug 03 12:50:03 IST 1968","67","FEMALE","BROWN"
"373","Olen Essovius","Sat Mar 15 20:43:15 IST 1969","40","MALE","RED"
"374","Ben Rhaegal","Thu Feb 20 17:28:36 IST 1969","14","MALE","BROWN"
"375","Esmeralda Meraxes","Sun Oct 13 20:40:29 IST 1968","80","FEMALE","GREEN"
"376","Austen Balerion","Wed Mar 26 04:17:27 IST 1969","88","FEMALE","GREEN"
"377","Kellen Valryon","Wed Dec 25 20:54:31 IST 1968","48","MALE","BLUE"
"378","Lucious Sunfyre","Sat Dec 21 01:04:00 IST 1968","60","MALE","BROWN"
"379","Trever Sunfyre","Thu Feb 13 01:52:19 IST 1969","30","FEMALE","BLACK"
"380","Myrtice Balerion","Tue May 13 19:24:38 IST 1969","79","MALE","GRAY"
"381","Rex Balerion","Sun Mar 30 16:51:39 IST 1969","31","MALE","BLACK"
"382","Maryjane Archonei","Tue Mar 25 15:44:07 IST 1969","21","FEMALE","YELLOW"
"383","Hermina Viserion","Fri Oct 25 02:39:05 IST 1968","53","MALE","GRAY"
"384","Mohammad Dreamfyre","Mon Oct 14 03:14:37 IST 1968","48","MALE","BLACK"
"385","Anahi Archonei","Sun Jun 29 23:49:01 IST 1969","44","FEMALE","WHITE"
"386","George Tyraxes","Thu May 08 11:42:37 IST 1969","73","FEMALE","WHITE"
"387","Antone Drogon","Tue Feb 18 21:15:50 IST 1969","44","MALE","GRAY"
"388","Anahi Shrykos","Sun Jan 26 08:09:49 IST 1969","36","FEMALE","RED"
"389","Craig Syrax","Tue Jan 28 05:40:17 IST 1969","93","FEMALE","BROWN"
"390","Ana Vermithrax","Thu Nov 21 09:42:57 IST 1968","87","FEMALE","GREEN"
"391","Marlee Valryon","Sun Jan 26 10:49:44 IST 1969","81","MALE","YELLOW"
"392","Kari Rhaegal","Sat Jan 18 01:54:35 IST 1969","18","FEMALE","WHITE"
"393","Maximillia Vermithrax","Tue Apr 15 12:23:21 IST 1969","53","FEMALE","GREEN"
"394","Elva Vhagar","Fri Jun 20 15:32:01 IST 1969","76","MALE","RED"
"395","Jay Dreamfyre","Sat Oct 05 19:23:50 IST 1968","38","MALE","GRAY"
"396","Anahi Meraxes","Tue Dec 31 23:06:46 IST 1968","32","FEMALE","RED"
"397","Nettie Sunfyre","Fri Nov 15 05:01:10 IST 1968","25","MALE","RED"
"398","Dereck Ghiscar","Sun Mar 30 07:35:52 IST 1969","75","MALE","WHITE"
"399","Alexanne Syrax","Wed Mar 12 23:43:55 IST 1969","66","MALE","BLACK"
"400","Lue Dreamfyre","Tue Aug 27 10:15:42 IST 1968","69","MALE","BROWN"
"401","Eddie Syrax","Tue Apr 22 19:46:26 IST 1969","11","FEMALE","YELLOW"
"402","Sammy Drogon","Fri Aug 02 00:31:22 IST 1968","88","MALE","RED"
"403","Kory Caraxes","Sat Jul 05 13:26:37 IST 1969","80","FEMALE","BROWN"
"404","Lue Drogon","Wed Jan 08 06:20:08 IST 1969","11","FEMALE","GREEN"
"405","Nella Drogon","Wed Jul 24 21:26:36 IST 1968","67","FEMALE","GRAY"
"406","Magali Rhaegal","Sat Feb 08 01:28:36 IST 1969","49","MALE","WHITE"
"407","Sherman Valryon","Fri Jan 10 20:01:16 IST 1969","31","FEMALE","BLUE"
"408","Emanuel Caraxes","Tue Oct 01 19:30:23 IST 1968","57","MALE","BLACK"
"409","Iliana Morghul","Fri Sep 06 04:13:15 IST 1968","32","FEMALE","WHITE"
"410","Tomasa Morghul","Tue Nov 12 22:15:14 IST 1968","19","FEMALE","RED"
"411","Caleb Viserion","Sat Jul 05 12:45:50 IST 1969","47","FEMALE","WHITE"
"412","Gregoria Morghul","Sun Sep 22 01:23:26 IST 1968","21","MALE","BLUE"
"413","Hailey Meraxes","Thu Sep 26 17:55:08 IST 1968","23","MALE","BLUE"
"414","Chadrick Dreamfyre","Sun Feb 02 12:27:20 IST 1969","45","FEMALE","RED"
"415","Alayna Morghul","Sun Jul 14 04:59:34 IST 1968","24","MALE","GREEN"
"416","Jade Essovius","Thu Feb 27 07:58:49 IST 1969","19","MALE","YELLOW"
"417","Dana Meleys","Sun Jun 29 06:56:59 IST 1969","57","MALE","GREEN"
"418","Monserrat Rhaegal","Mon Jun 16 23:29:13 IST 1969","54","MALE","WHITE"
"419","Meagan Essovius","Thu Feb 13 15:50:41 IST 1969","14","MALE","BLUE"
"420","Isabella Rhaegal","Mon Oct 14 08:39:09 IST 1968","61","MALE","RED"
"421","Marianne Archonei","Tue Jul 30 20:32:31 IST 1968","59","MALE","YELLOW"
"422","Maggie Rhaegal","Mon Jan 13 01:35:45 IST 1969","61","MALE","BROWN"
"423","Gertrude Archonei","Wed Jul 09 22:46:59 IST 1969","58","FEMALE","BROWN"
"424","Candace Archonei","Sat Apr 26 11:31:47 IST 1969","40","FEMALE","BLUE"
"425","Liliane Tyraxes","Thu Oct 24 06:43:47 IST 1968","91","MALE","BLUE"
"426","Hayley Rhaegal","Fri Nov 08 10:14:28 IST 1968","67","MALE","BLACK"
"427","Kris Archonei","Sat Nov 30 03:43:25 IST 1968","80","FEMALE","RED"
"428","David Valryon","Sat Aug 10 07:25:43 IST 1968","54","FEMALE","WHITE"
"429","Juana Vermithrax","Mon Jan 13 18:52:10 IST 1969","15","MALE","BLACK"
"430","Alayna Drogon","Sat Jun 07 05:43:58 IST 1969","64","FEMALE","YELLOW"
"431","Tiara Shrykos","Sat Feb 01 20:48:13 IST 1969","30","FEMALE","BLUE"
"432","Bernadette Morghul","Mon Jun 09 13:45:44 IST 1969","49","FEMALE","BLUE"
"433","Isom Morghul","Mon Aug 12 15:51:15 IST 1968","85","FEMALE","BLUE"
"434","Jackson Shrykos","Fri Oct 25 21:05:36 IST 1968","89","FEMALE","GRAY"
"435","Laurence Drogon","Tue Feb 18 17:00:46 IST 1969","43","FEMALE","BLACK"
"436","Angelita Meleys","Thu Apr 03 02:50:36 IST 1969","26","MALE","YELLOW"
"437","Arnulfo Vhagar","Wed Feb 19 02:05:07 IST 1969","37","MALE","GREEN"
"438","Helen Drogon","Wed Dec 18 19:52:53 IST 1968","86","FEMALE","GRAY"
"439","Judah Essovius","Mon Mar 17 15:08:21 IST 1969","69","FEMALE","WHITE"
"440","Donnell Caraxes","Sat May 10 06:15:58 IST 1969","44","FEMALE","YELLOW"
"441","Taurean Drogon","Tue Nov 19 21:42:57 IST 1968","55","MALE","BROWN"
"442","Cullen Meraxes","Wed Jul 09 17:38:59 IST 1969","27","MALE","RED"
"443","Caroline Essovius","Mon Jan 13 22:53:56 IST 1969","33","FEMALE","BLACK"
"444","Kasey Archonei","Tue Nov 05 18:43:37 IST 1968","38","MALE","BROWN"
"445","Lura Ghiscar","Sun Dec 08 01:06:18 IST 1968","20","MALE","RED"
"446","Myrl Meraxes","Thu Jun 19 01:58:32 IST 1969","92","MALE","YELLOW"
"447","Vergie Rhaegal","Sat Feb 08 00:39:11 IST 1969","68","FEMALE","RED"
"448","Helena Sunfyre","Fri Oct 18 01:10:16 IST 1968","23","MALE","YELLOW"
"449","Rudolph Caraxes","Mon Jun 23 15:47:48 IST 1969","11","FEMALE","BROWN"
"450","Antone Essovius","Sun Jan 05 14:19:40 IST 1969","44","FEMALE","BLACK"
"451","Bailey Meraxes","Mon May 26 19:51:02 IST 1969","87","MALE","BLACK"
"452","Berenice Valryon","Mon Feb 03 06:10:13 IST 1969","74","FEMALE","GREEN"
"453","Aurore Shrykos","Tue Nov 12 03:57:56 IST 1968","33","MALE","YELLOW"
"454","Jermain Tyraxes","Tue Oct 15 04:24:08 IST 1968","22","MALE","GRAY"
"455","Lexi Ghiscar","Tue Mar 18 09:58:09 IST 1969","60","MALE","YELLOW"
"456","Blair Vhagar","Tue Feb 25 03:36:19 IST 1969","73","MALE","WHITE"
"457","Alejandra Essovius","Fri May 30 00:06:18 IST 1969","90","FEMALE","GREEN"
"458","Amelie Essovius","Fri Aug 23 16:46:35 IST 1968","82","MALE","BLACK"
"459","Juliet Syrax","Fri Dec 20 02:38:50 IST 1968","85","FEMALE","GRAY"
"460","Harold Balerion","Sun Aug 11 12:02:01 IST 1968","17","FEMALE","BLUE"
"461","Lacy Sunfyre","Thu Jan 23 11:47:45 IST 1969","51","FEMALE","RED"
"462","Lewis Shrykos","Thu Dec 05 00:59:18 IST 1968","12","MALE","GRAY"
"463","Lea Archonei","Sat Jul 20 13:30:25 IST 1968","32","MALE","BLUE"
"464","Bobbie Tyraxes","Sun Jul 14 00:31:52 IST 1968","43","FEMALE","GREEN"
"465","Danika Valryon","Wed Jan 08 10:29:53 IST 1969","41","MALE","BROWN"
"466","Cortney Archonei","Sun Jan 19 06:21:59 IST 1969","12","FEMALE","YELLOW"
"467","Jackie Essovius","Fri Jan 17 00:08:03 IST 1969","19","MALE","GRAY"
"468","Ambrose Dreamfyre","Sat Mar 15 14:20:03 IST 1969","36","FEMALE","BLUE"
"469","Vita Meraxes","Mon Jun 30 05:46:40 IST 1969","94","FEMALE","BLUE"
"470","Amber Archonei","Wed Jul 09 13:15:56 IST 1969","13","MALE","GREEN"
"471","Elliott Caraxes","Sun Jun 15 12:13:10 IST 1969","85","FEMALE","RED"
"472","Uriel Caraxes","Thu Apr 10 23:03:07 IST 1969","91","MALE","GRAY"
"473","Clark Viserion","Fri Sep 20 06:14:53 IST 1968","88","MALE","BLACK"
"474","Chase Essovius","Sun May 18 19:45:20 IST 1969","59","FEMALE","BROWN"
"475","Darrell Dreamfyre","Sun Sep 22 20:52:22 IST 1968","29","MALE","GREEN"
"476","Tyreek Tyraxes","Fri Feb 07 01:19:26 IST 1969","62","MALE","YELLOW"
"477","Carli Essovius","Wed Jul 17 17:21:48 IST 1968","38","MALE","BLACK"
"478","Maeve Meleys","Fri Sep 13 20:44:56 IST 1968","20","MALE","GREEN"
"479","Karina Vhagar","Sun Mar 02 16:48:38 IST 1969","84","FEMALE","YELLOW"
"480","Cassidy Rhaegal","Thu Apr 17 07:56:46 IST 1969","83","FEMALE","RED"
"481","Nikolas Archonei","Tue Jun 17 21:43:11 IST 1969","75","MALE","GRAY"
"482","Selmer Vhagar","Sun Apr 20 08:27:40 IST 1969","49","FEMALE","BLUE"
"483","Roy Shrykos","Fri Jun 13 19:16:56 IST 1969","55","MALE","GRAY"
"484","Mireille Essovius","Wed Dec 25 11:01:46 IST 1968","48","FEMALE","YELLOW"
"485","Helmer Tyraxes","Sun Apr 20 05:50:06 IST 1969","90","FEMALE","RED"
"486","Selina Tyraxes","Sat Sep 14 16:58:23 IST 1968","45","FEMALE","GRAY"
"487","Edwin Drogon","Mon Dec 30 04:38:33 IST 1968","37","MALE","BLACK"
"488","Ethelyn Sunfyre","Sat Jun 21 11:36:34 IST 1969","15","MALE","BLACK"
"489","Gwen Tyraxes","Thu Jul 10 07:39:02 IST 1969","12","MALE","GREEN"
"490","Kavon Meleys","Sat Dec 21 16:37:49 IST 1968","48","FEMALE","WHITE"
"491","Hettie Viserion","Fri Aug 09 10:46:22 IST 1968","41","MALE","BLUE"
"492","Jovanny Archonei","Sat Dec 14 03:02:27 IST 1968","84","MALE","BLACK"
"493","Kurtis Essovius","Fri Aug 30 07:55:21 IST 1968","24","MALE","WHITE"
"494","Kenny Sunfyre","Sun Mar 23 23:27:08 IST 1969","17","MALE","YELLOW"
"495","Nakia Balerion","Sun Dec 29 22:15:24 IST 1968","65","MALE","YELLOW"
"496","Rico Morghul","Fri Jun 13 15:57:55 IST 1969","91","FEMALE","BLACK"
"497","Vernice Dreamfyre","Sat Jun 21 10:50:08 IST 1969","14","MALE","RED"
"498","Berniece Drogon","Tue Feb 04 18:20:49 IST 1969","18","MALE","YELLOW"
"499","Efren Dreamfyre","Mon Mar 31 02:00:43 IST 1969","70","FEMALE","BLACK"
"500","Bruce Sunfyre","Mon Aug 05 09:54:33 IST 1968","37","MALE","YELLOW"
"501","Elza Drogon","Tue Apr 08 22:41:16 IST 1969","91","FEMALE","GRAY"
"502","Lora Essovius","Tue Jun 24 21:41:13 IST 1969","16","FEMALE","RED"
"503","Tomasa Caraxes","Fri Jan 24 07:45:15 IST 1969","21","FEMALE","RED"
"504","Asia Viserion","Mon Jun 02 13:21:41 IST 1969","66","FEMALE","BLACK"
"505","Loraine Tyraxes","Wed Jan 15 02:39:21 IST 1969","79","FEMALE","BLUE"
"506","Audreanne Archonei","Thu Sep 19 09:50:54 IST 1968","77","FEMALE","BLACK"
"507","Marlen Viserion","Tue Sep 17 13:54:39 IST 1968","20","MALE","BROWN"
"508","Quinn Meleys","Wed Jul 17 23:30:24 IST 1968","43","MALE","BROWN"
"509","Mckenna Shrykos","Sun Mar 30 19:25:24 IST 1969","32","FEMALE","GRAY"
"510","Taya Essovius","Tue Dec 31 11:36:09 IST 1968","78","MALE","RED"
"511","Rossie Meleys","Thu May 29 16:46:43 IST 1969","88","MALE","GRAY"
"512","Karlee Meraxes","Wed Dec 04 11:56:36 IST 1968","49","MALE","GREEN"
"513","Naomi Drogon","Fri Oct 04 10:43:24 IST 1968","65","MALE","BLACK"
"514","Kian Shrykos","Sun Dec 22 22:49:43 IST 1968","34","FEMALE","WHITE"
"515","Stacy Sunfyre","Wed Dec 25 09:03:30 IST 1968","57","FEMALE","GREEN"
"516","Lenore Tyraxes","Tue Mar 18 18:27:48 IST 1969","51","FEMALE","RED"
"517","Cristal Syrax","Sun Aug 25 18:04:42 IST 1968","35","MALE","GRAY"
"518","Rossie Valryon","Tue Mar 11 05:37:49 IST 1969","68","FEMALE","BLUE"
"519","Arnulfo Vhagar","Mon Jul 07 06:16:29 IST 1969","55","FEMALE","RED"
"520","Jodie Viserion","Thu Mar 20 08:43:09 IST 1969","57","FEMALE","GREEN"
"521","Bart Rhaegal","Sun Nov 24 03:32:58 IST 1968","31","FEMALE","BLACK"
"522","Jerrod Morghul","Tue Dec 31 00:39:52 IST 1968","56","MALE","BLACK"
"523","Abelardo Meleys","Sat Jul 12 17:19:30 IST 1969","26","FEMALE","YELLOW"
"524","Woodrow Shrykos","Sun Jul 28 17:46:13 IST 1968","30","FEMALE","RED"
"525","Ruben Meraxes","Thu May 29 06:59:24 IST 1969","52","MALE","RED"
"526","Darwin Morghul","Mon Sep 30 10:21:47 IST 1968","25","FEMALE","RED"
"527","Sonia Tyraxes","Wed Mar 19 08:16:15 IST 1969","35","FEMALE","RED"
"528","Giles Dreamfyre","Sun Jul 06 11:49:00 IST 1969","88","MALE","GRAY"
"529","Oda Rhaegal","Tue Mar 18 13:34:43 IST 1969","64","MALE","BLUE"
"530","Alyson Caraxes","Mon Apr 21 23:48:55 IST 1969","29","FEMALE","GREEN"
"531","Maureen Tyraxes","Fri Oct 18 05:24:43 IST 1968","90","MALE","YELLOW"
"532","Consuelo Caraxes","Thu Oct 03 21:51:32 IST 1968","12","MALE","YELLOW"
"533","Demetris Sunfyre","Wed Mar 26 11:13:29 IST 1969","47","FEMALE","YELLOW"
"534","Aiden Ghiscar","Tue Nov 19 10:09:33 IST 1968","44","MALE","BLUE"
"535","Arvid Essovius","Thu Oct 10 18:27:11 IST 1968","63","FEMALE","GRAY"
"536","Jadyn Vermithrax","Fri Apr 04 07:26:53 IST 1969","80","FEMALE","YELLOW"
"537","Nettie Archonei","Tue Dec 24 07:21:39 IST 1968","40","FEMALE","GRAY"
"538","Marisol Meleys","Wed Feb 12 17:25:04 IST 1969","71","MALE","BROWN"
"539","Camylle Vhagar","Sun Mar 02 01:07:57 IST 1969","65","FEMALE","BLUE"
"540","Pasquale Caraxes","Sun Jun 01 06:42:05 IST 1969","42","MALE","WHITE"
"541","Amya Rhaegal","Sun Jun 08 00:39:17 IST 1969","30","MALE","WHITE"
"542","Aida Dreamfyre","Thu Dec 26 19:56:36 IST 1968","33","MALE","BLUE"
"543","Ofelia Morghul","Sun Sep 29 04:32:51 IST 1968","39","MALE","WHITE"
"544","Trisha Meraxes","Thu Jun 12 10:49:28 IST 1969","89","FEMALE","GRAY"
"545","Florian Tyraxes","Fri Oct 18 09:33:10 IST 1968","13","FEMALE","GREEN"
"546","Kaley Ghiscar","Mon May 05 20:51:39 IST 1969","65","MALE","BLUE"
"547","Dessie Caraxes","Fri Apr 18 17:25:09 IST 1969","91","MALE","BROWN"
"548","Elian Syrax","Tue Feb 18 09:27:08 IST 1969","50","FEMALE","BLACK"
"549","Isac Caraxes","Sun Dec 01 02:49:24 IST 1968","26","MALE","GRAY"
"550","Rollin Viserion","Fri Feb 28 07:58:51 IST 1969","27","FEMALE","BLACK"
"551","Francisco Valryon","Wed Jul 02 02:18:34 IST 1969","64","MALE","BLACK"
"552","Elta Drogon","Fri Nov 29 00:58:40 IST 1968","52","MALE","GRAY"
"553","Gideon Dreamfyre","Wed Jun 18 18:27:33 IST 1969","82","MALE","BROWN"
"554","Lempi Drogon","Sat Mar 15 08:38:10 IST 1969","38","FEMALE","RED"
"555","Ted Vermithrax","Wed Oct 23 08:05:32 IST 1968","75","FEMALE","GRAY"
"556","Kattie Meraxes","Sat Sep 07 08:28:15 IST 1968","64","MALE","RED"
"557","Ava Drogon","Thu Apr 10 17:41:33 IST 1969","26","FEMALE","BROWN"
"558","Ellsworth Syrax","Sun Apr 13 21:40:13 IST 1969","38","MALE","WHITE"
"559","Davin Valryon","Thu Aug 15 19:04:02 IST 1968","54","MALE","GREEN"
"560","Marques Vhagar","Tue Dec 10 23:52:35 IST 1968","53","FEMALE","BLUE"
"561","Tavares Archonei","Fri Oct 04 20:06:11 IST 1968","35","FEMALE","WHITE"
"562","Asha Rhaegal","Fri Sep 06 01:56:33 IST 1968","46","MALE","RED"
"563","Elouise Valryon","Mon Jan 20 13:14:49 IST 1969","61","FEMALE","BROWN"
"564","Gage Dreamfyre","Thu Jun 12 11:06:44 IST 1969","54","FEMALE","RED"
"565","Karolann Ghiscar","Wed Apr 02 23:56:36 IST 1969","39","MALE","GREEN"
"566","Gregg Essovius","Tue Aug 27 18:47:11 IST 1968","69","FEMALE","GREEN"
"567","Abagail Meleys","Sat Nov 02 13:43:14 IST 1968","18","MALE","YELLOW"
"568","Joaquin Meraxes","Mon Jun 09 10:25:33 IST 1969","53","FEMALE","GRAY"
"569","Mattie Ghiscar","Wed Oct 30 13:39:13 IST 1968","22","FEMALE","BLUE"
"570","Leo Viserion","Wed Apr 16 19:35:57 IST 1969","66","FEMALE","YELLOW"
"571","Mariela Meraxes","Fri Nov 01 01:00:31 IST 1968","10","MALE","BLUE"
"572","Maia Meleys","Tue Feb 25 08:58:10 IST 1969","62","MALE","YELLOW"
"573","Vergie Valryon","Mon Sep 16 02:51:08 IST 1968","54","MALE","GRAY"
"574","Austen Syrax","Thu Aug 15 07:34:00 IST 1968","11","MALE","GRAY"
"575","Trevor Rhaegal","Thu Jan 30 18:39:34 IST 1969","14","MALE","BLACK"
"576","Saige Morghul","Fri Mar 14 11:33:08 IST 1969","61","MALE","WHITE"
"577","Haylee Tyraxes","Thu Oct 31 23:15:24 IST 1968","63","MALE","BLUE"
"578","Gardner Meraxes","Wed Jan 01 06:24:08 IST 1969","21","MALE","WHITE"
"579","Eldred Ghiscar","Sat Apr 26 22:19:46 IST 1969","44","MALE","BROWN"
"580","Kailey Sunfyre","Sat Jun 07 00:56:26 IST 1969","11","MALE","GRAY"
"581","Julianne Shrykos","Fri Mar 14 16:42:29 IST 1969","36","FEMALE","GRAY"
"582","Armani Archonei","Sun Aug 18 03:12:00 IST 1968","52","MALE","RED"
"583","Derek Syrax","Sun Jul 21 22:25:23 IST 1968","14","MALE","GREEN"
"584","Camryn Viserion","Thu Jun 19 01:02:55 IST 1969","55","MALE","WHITE"
"585","Jason Sunfyre","Thu Aug 01 00:17:00 IST 1968","34","FEMALE","WHITE"
"586","Kristopher Meraxes","Wed Apr 23 18:34:19 IST 1969","72","FEMALE","WHITE"
"587","Bailey Shrykos","Sun Mar 02 01:23:33 IST 1969","89","FEMALE","GREEN"
"588","Fritz Drogon","Tue Oct 08 02:53:01 IST 1968","25","FEMALE","GRAY"
"589","Kassandra Vermithrax","Fri Feb 21 20:52:27 IST 1969","77","FEMALE","RED"
"590","Ed Viserion","Sat Feb 15 00:25:34 IST 1969","49","MALE","BLACK"
"591","Lucas Ghiscar","Sun Dec 22 17:31:26 IST 1968","40","MALE","WHITE"
"592","Lexus Rhaegal","Mon Sep 23 23:18:47 IST 1968","69","FEMALE","WHITE"
"593","Idell Meraxes","Fri Jan 10 02:46:49 IST 1969","88","MALE","YELLOW"
"594","Jairo Tyraxes","Sun Aug 18 07:27:01 IST 1968","49","MALE","GREEN"
"595","Wilhelmine Archonei","Thu May 15 21:26:10 IST 1969","53","MALE","RED"
"596","Clementina Archonei","Fri Aug 02 00:45:50 IST 1968","61","FEMALE","RED"
"597","Hollie Morghul","Mon Jul 29 17:23:38 IST 1968","83","FEMALE","RED"
"598","Reed Ghiscar","Thu Nov 28 07:57:55 IST 1968","33","FEMALE","RED"
"599","Kathleen Viserion","Sat Sep 28 23:07:27 IST 1968","89","FEMALE","GRAY"
"600","Leonie Dreamfyre","Tue Aug 27 15:47:45 IST 1968","61","FEMALE","GRAY"
"601","Noelia Ghiscar","Sat Jan 04 01:25:28 IST 1969","92","MALE","RED"
"602","Rachel Drogon","Sun Jun 29 20:39:37 IST 1969","65","MALE","GREEN"
"603","Betty Valryon","Wed Jul 09 14:14:10 IST 1969","47","MALE","GRAY"
"604","Quinton Rhaegal","Tue Feb 18 05:12:35 IST 1969","76","MALE","WHITE"
"605","Wilford Syrax","Thu Sep 19 12:05:12 IST 1968","79","FEMALE","GREEN"
"606","Westley Viserion","Tue Aug 13 20:00:38 IST 1968","16","MALE","BLACK"
"607","Jedediah Meleys","Sun Mar 23 09:41:03 IST 1969","70","MALE","YELLOW"
"608","Finn Rhaegal","Mon Jul 29 00:08:35 IST 1968","73","MALE","WHITE"
"609","Janiya Meraxes","Sat Sep 21 17:26:53 IST 1968","71","MALE","WHITE"
"610","Vivienne Vermithrax","Thu Jun 26 08:47:19 IST 1969","16","FEMALE","BROWN"
"611","Jabari Tyraxes","Thu Jan 16 08:42:26 IST 1969","16","MALE","WHITE"
"612","Meghan Vermithrax","Thu Apr 17 17:17:59 IST 1969","42","FEMALE","BROWN"
"613","Jabari Shrykos","Wed Oct 16 01:18:26 IST 1968","58","FEMALE","BROWN"
"614","Ford Rhaegal","Sun Mar 16 08:22:44 IST 1969","54","MALE","RED"
"615","Kenyatta Vermithrax","Sun Nov 24 13:51:50 IST 1968","52","FEMALE","WHITE"
"616","Ernestina Shrykos","Tue Feb 25 13:53:02 IST 1969","84","FEMALE","BLUE"
"617","Ora Meleys","Fri Dec 13 08:46:45 IST 1968","70","MALE","WHITE"
"618","Dulce Syrax","Sat Aug 31 09:53:31 IST 1968","57","MALE","GREEN"
"619","Trevion Shrykos","Thu Aug 22 13:10:33 IST 1968","76","FEMALE","BLUE"
"620","Mustafa Drogon","Sat Jan 04 11:39:44 IST 1969","68","MALE","WHITE"
"621","Mikayla Meraxes","Fri Aug 09 13:36:57 IST 1968","88","MALE","RED"
"622","Chad Drogon","Tue Feb 04 17:26:57 IST 1969","86","FEMALE","GREEN"
"623","Noe Vhagar","Sat Feb 08 15:12:30 IST 1969","81","MALE","WHITE"
"624","Murray Vermithrax","Sat Feb 15 22:18:43 IST 1969","24","FEMALE","RED"
"625","Laverne Tyraxes","Sun Feb 02 14:54:01 IST 1969","81","MALE","BLACK"
"626","Emmie Morghul","Sun Dec 22 16:04:56 IST 1968","69","FEMALE","BLUE"
"627","Alexandra Viserion","Sat Jun 14 03:10:38 IST 1969","74","FEMALE","BLUE"
"628","Muhammad Essovius","Sun Nov 24 05:36:11 IST 1968","53","MALE","WHITE"
"629","Ike Tyraxes","Sun Jun 29 21:39:51 IST 1969","18","FEMALE","WHITE"
"630","Taya Meleys","Sun Sep 01 19:23:04 IST 1968","80","MALE","GREEN"
"631","Harold Essovius","Mon May 12 23:29:46 IST 1969","35","FEMALE","RED"
"632","Adelbert Balerion","Sun Apr 20 05:54:14 IST 1969","10","FEMALE","YELLOW"
"633","Elvera Essovius","Sat Sep 07 04:40:38 IST 1968","77","FEMALE","BLACK"
"634","Wilford Tyraxes","Tue Aug 06 19:07:04 IST 1968","44","MALE","RED"
"635","Waylon Morghul","Thu Apr 03 14:51:22 IST 1969","50","MALE","BLACK"
"636","Peyton Viserion","Wed May 07 04:25:45 IST 1969","57","FEMALE","WHITE"
"637","Rosemary Sunfyre","Thu Jan 30 02:03:47 IST 1969","55","FEMALE","WHITE"
"638","Ocie Morghul","Tue Jan 28 10:58:37 IST 1969","94","MALE","GRAY"
"639","Jackson Morghul","Sat Dec 21 20:02:16 IST 1968","50","FEMALE","BLUE"
"640","Margaretta Archonei","Fri Apr 04 10:24:02 IST 1969","33","MALE","YELLOW"
"641","Carmine Meleys","Wed Oct 16 18:09:57 IST 1968","23","MALE","BLUE"
"642","Theo Meraxes","Sun Sep 01 02:26:33 IST 1968","63","FEMALE","WHITE"
"643","Joyce Meraxes","Thu Aug 08 00:16:16 IST 1968","80","MALE","GRAY"
"644","Darrel Dreamfyre","Sun Jun 29 12:02:55 IST 1969","75","MALE","WHITE"
"645","Kenneth Tyraxes","Mon Feb 24 11:24:02 IST 1969","83","FEMALE","BLACK"
"646","Rosella Shrykos","Sat Dec 28 07:22:08 IST 1968","23","MALE","GRAY"
"647","Sedrick Shrykos","Tue Aug 13 09:04:25 IST 1968","80","FEMALE","WHITE"
"648","Uriah Vhagar","Fri Jul 04 03:25:59 IST 1969","56","FEMALE","BLACK"
"649","Ivy Archonei","Sun May 25 22:50:55 IST 1969","76","FEMALE","RED"
"650","Matilde Viserion","Thu Jul 25 14:57:05 IST 1968","39","FEMALE","BLUE"
"651","Manuela Viserion","Mon Jun 30 06:30:53 IST 1969","13","MALE","YELLOW"
"652","Jovany Valryon","Tue Nov 26 05:41:27 IST 1968","42","FEMALE","WHITE"
"653","Stewart Archonei","Sun Mar 16 03:10:43 IST 1969","60","FEMALE","BLACK"
"654","Lonny Ghiscar","Mon Apr 21 05:49:48 IST 1969","64","MALE","BLACK"
"655","Alvera Vermithrax","Sat Jul 12 15:38:00 IST 1969","42","MALE","WHITE"
"656","Joelle Meleys","Mon Oct 21 18:25:38 IST 1968","57","FEMALE","WHITE"
"657","Fanny Vhagar","Mon Sep 02 01:01:26 IST 1968","56","FEMALE","GREEN"
"658","Ansel Shrykos","Sun Oct 27 17:34:16 IST 1968","75","FEMALE","RED"
"659","Kenneth Essovius","Wed Apr 30 21:46:30 IST 1969","28","FEMALE","GREEN"
"660","Wallace Syrax","Tue Aug 06 05:44:13 IST 1968","63","FEMALE","RED"
"661","Nat Vermithrax","Thu Nov 14 23:35:27 IST 1968","85","FEMALE","BROWN"
"662","Mandy Balerion","Thu Aug 29 08:06:05 IST 1968","34","MALE","RED"
"663","Cassie Essovius","Tue Nov 12 19:36:26 IST 1968","58","MALE","GRAY"
"664","Sarina Tyraxes","Wed Apr 16 09:29:55 IST 1969","67","MALE","BROWN"
"665","Fabiola Valryon","Fri May 16 21:53:08 IST 1969","53","MALE","BLUE"
"666","Dorian Shrykos","Wed Nov 20 11:11:22 IST 1968","18","FEMALE","YELLOW"
"667","Naomie Rhaegal","Sun Feb 09 10:13:37 IST 1969","54","MALE","GRAY"
"668","Keyon Vermithrax","Mon Dec 02 19:52:10 IST 1968","60","FEMALE","RED"
"669","Bianka Syrax","Wed Jun 25 20:03:20 IST 1969","32","FEMALE","BROWN"
"670","Liam Viserion","Wed Jun 18 05:52:18 IST 1969","76","FEMALE","YELLOW"
"671","Loren Dreamfyre","Tue Dec 10 06:11:13 IST 1968","74","MALE","RED"
"672","Josefina Dreamfyre","Thu Dec 05 00:29:45 IST 1968","18","FEMALE","RED"
"673","Blake Viserion","Mon Jan 27 21:13:49 IST 1969","85","MALE","YELLOW"
"674","Electa Essovius","Mon Oct 07 20:13:35 IST 1968","67","MALE","BLACK"
"675","Jadyn Viserion","Tue Feb 25 04:45:46 IST 1969","28","MALE","WHITE"
"676","Austyn Caraxes","Fri Apr 18 21:13:30 IST 1969","78","FEMALE","BLACK"
"677","Mikayla Meleys","Mon Sep 16 03:01:36 IST 1968","27","FEMALE","BROWN"
"678","Maryse Rhaegal","Thu Jan 30 09:58:33 IST 1969","25","MALE","WHITE"
"679","Houston Caraxes","Sun May 25 14:57:58 IST 1969","55","MALE","GREEN"
"680","Austen Drogon","Wed May 28 01:01:34 IST 1969","68","MALE","BROWN"
"681","Maxime Drogon","Sun Jul 06 08:15:16 IST 1969","47","MALE","YELLOW"
"682","Sierra Valryon","Sun Apr 20 09:39:29 IST 1969","64","MALE","BROWN"
"683","Amara Vhagar","Thu Aug 29 18:41:54 IST 1968","51","FEMALE","RED"
"684","Nestor Shrykos","Sun Apr 27 23:59:56 IST 1969","22","MALE","GRAY"
"685","Marina Tyraxes","Tue Apr 22 16:28:11 IST 1969","42","FEMALE","BLUE"
"686","Raleigh Caraxes","Sun Jun 15 09:18:06 IST 1969","37","FEMALE","YELLOW"
"687","Jarrell Viserion","Sat Feb 22 13:49:55 IST 1969","69","FEMALE","YELLOW"
"688","Emily Tyraxes","Sat Oct 26 18:52:59 IST 1968","35","FEMALE","RED"
"689","Tyra Ghiscar","Sat May 24 20:40:45 IST 1969","28","MALE","WHITE"
"690","Cleve Viserion","Sun Oct 20 11:19:30 IST 1968","71","FEMALE","RED"
"691","Erwin Vermithrax","Sun Jul 14 09:03:02 IST 1968","72","MALE","GREEN"
"692","Myah Shrykos","Sat Mar 01 05:14:16 IST 1969","74","FEMALE","GRAY"
"693","Whitney Drogon","Fri Mar 21 01:50:01 IST 1969","92","FEMALE","WHITE"
"694","Stephania Shrykos","Wed Feb 12 10:02:33 IST 1969","60","MALE","GREEN"
"695","Novella Rhaegal","Fri Feb 21 01:56:55 IST 1969","10","MALE","GRAY"
"696","Serena Viserion","Tue Oct 08 07:50:02 IST 1968","84","MALE","WHITE"
"697","Donna Ghiscar","Sun Mar 30 03:54:18 IST 1969","91","FEMALE","BLACK"
"698","Orie Rhaegal","Mon Oct 28 02:46:16 IST 1968","55","FEMALE","BLACK"
"699","Buck Meleys","Wed May 07 23:32:39 IST 1969","37","FEMALE","BLUE"
"700","Johathan Viserion","Tue Aug 06 20:18:14 IST 1968","16","FEMALE","GRAY"
"701","Kiarra Syrax","Thu Jan 30 16:14:20 IST 1969","88","FEMALE","BLACK"
"702","Sandy Dreamfyre","Mon Mar 03 06:27:02 IST 1969","36","FEMALE","YELLOW"
"703","Jamarcus Meleys","Wed Mar 19 11:21:33 IST 1969","91","FEMALE","GREEN"
"704","Miller Dreamfyre","Tue Jan 07 21:37:31 IST 1969","31","MALE","YELLOW"
"705","Murphy Caraxes","Wed Mar 05 07:24:04 IST 1969","38","MALE","RED"
"706","Triston Drogon","Mon Aug 19 23:05:28 IST 1968","90","MALE","BLACK"
"707","Jasen Rhaegal","Thu Mar 06 16:11:11 IST 1969","53","MALE","RED"
"708","Khalil Tyraxes","Tue Jan 14 07:38:44 IST 1969","88","MALE","BLUE"
"709","Dolores Caraxes","Thu Oct 31 18:30:50 IST 1968","85","FEMALE","BLUE"
"710","Henriette Viserion","Wed Mar 05 03:36:42 IST 1969","73","MALE","WHITE"
"711","Dina Vermithrax","Sun Jan 12 14:48:37 IST 1969","39","MALE","BLUE"
"712","Jeramy Meraxes","Wed Jun 18 12:48:49 IST 1969","79","MALE","BLACK"
"713","Molly Vhagar","Fri Sep 27 07:02:34 IST 1968","69","MALE","BLUE"
"714","Tanya Essovius","Thu Jan 16 23:19:22 IST 1969","13","FEMALE","BLUE"
"715","Scottie Meraxes","Sat Nov 16 18:36:51 IST 1968","74","MALE","YELLOW"
"716","Bartholome Shrykos","Mon Jun 30 18:31:15 IST 1969","81","MALE","GREEN"
"717","Winona Shrykos","Mon May 05 17:48:21 IST 1969","15","FEMALE","WHITE"
"718","Lawson Vermithrax","Sun Jan 26 05:08:44 IST 1969","33","MALE","GREEN"
"719","Raul Essovius","Wed May 14 10:36:51 IST 1969","14","FEMALE","GREEN"
"720","Eleanora Essovius","Fri Jan 03 20:28:55 IST 1969","21","MALE","BLUE"
"721","Everett Rhaegal","Tue Apr 15 09:09:21 IST 1969","61","MALE","BLUE"
"722","Clarissa Caraxes","Wed Jul 31 18:27:53 IST 1968","76","MALE","WHITE"
"723","Bert Valryon","Mon Jan 20 15:35:39 IST 1969","39","MALE","GRAY"
"724","Oliver Syrax","Fri Sep 27 05:55:26 IST 1968","27","MALE","YELLOW"
"725","Delores Valryon","Sun Feb 02 21:02:51 IST 1969","50","FEMALE","WHITE"
"726","Victor Vhagar","Sat Dec 28 01:59:15 IST 1968","22","FEMALE","YELLOW"
"727","Darius Meraxes","Tue Jun 17 10:09:25 IST 1969","46","FEMALE","BLUE"
"728","Anthony Shrykos","Thu Feb 20 05:19:23 IST 1969","33","FEMALE","GRAY"
"729","Brandyn Vermithrax","Fri Jun 06 06:32:46 IST 1969","79","MALE","BLUE"
"730","Marilie Syrax","Sun Jun 15 23:25:21 IST 1969","63","FEMALE","WHITE"
"731","Bridgette Shrykos","Thu Aug 29 19:36:16 IST 1968","44","MALE","BROWN"
"732","Beau Tyraxes","Sun Dec 08 15:58:23 IST 1968","91","FEMALE","BLUE"
"733","Jeramie Vermithrax","Fri Apr 25 19:19:16 IST 1969","47","FEMALE","RED"
"734","Moriah Shrykos","Sat Aug 10 15:23:45 IST 1968","32","FEMALE","GREEN"
"735","Wava Morghul","Sun May 11 18:26:58 IST 1969","15","FEMALE","WHITE"
"736","Raleigh Essovius","Tue Oct 29 09:16:40 IST 1968","46","MALE","BLUE"
"737","Monique Sunfyre","Sat Aug 03 12:06:15 IST 1968","25","FEMALE","BLUE"
"738","August Archonei","Fri Apr 11 11:02:20 IST 1969","74","MALE","BLUE"
"739","Savion Essovius","Wed Mar 05 21:28:03 IST 1969","59","FEMALE","BLUE"
"740","Emily Vermithrax","Sun Apr 27 14:00:23 IST 1969","18","FEMALE","BLACK"
"741","Abigale Vhagar","Wed Apr 16 12:25:08 IST 1969","76","MALE","GRAY"
"742","Vickie Vermithrax","Mon May 05 09:20:12 IST 1969","54","FEMALE","GREEN"
"743","Antoinette Rhaegal","Mon Mar 24 23:22:14 IST 1969","90","FEMALE","GRAY"
"744","Tina Syrax","Fri May 02 11:22:00 IST 1969","40","MALE","YELLOW"
"745","Leann Vermithrax","Mon Apr 14 11:44:15 IST 1969","77","MALE","BLACK"
"746","Bobbie Viserion","Sat Dec 28 21:51:27 IST 1968","60","FEMALE","GREEN"
"747","Efren Balerion","Thu Oct 03 16:58:03 IST 1968","45","FEMALE","GRAY"
"748","Camron Syrax","Tue Apr 29 10:31:47 IST 1969","18","FEMALE","RED"
"749","Lisa Meraxes","Sat May 10 15:13:40 IST 1969","87","FEMALE","RED"
"750","Germaine Essovius","Mon Sep 02 21:19:34 IST 1968","58","FEMALE","YELLOW"
"751","Mckenzie Ghiscar","Thu Apr 03 05:41:11 IST 1969","18","MALE","BLACK"
"752","Glenda Archonei","Fri Nov 08 01:27:26 IST 1968","81","MALE","GREEN"
"753","Kasey Meleys","Tue Jan 21 08:15:54 IST 1969","25","FEMALE","RED"
"754","Merritt Meraxes","Mon Jun 23 17:55:32 IST 1969","54","MALE","BLUE"
"755","Sylvia Archonei","Tue Jul 01 11:13:37 IST 1969","28","MALE","BLACK"
"756","Joe Syrax","Wed Jul 02 20:01:12 IST 1969","19","MALE","BLACK"
"757","Vidal Valryon","Fri May 02 16:59:07 IST 1969","41","MALE","BLACK"
"758","Otilia Dreamfyre","Sat Sep 28 05:12:03 IST 1968","70","FEMALE","BLUE"
"759","Wallace Essovius","Wed Jan 15 17:43:35 IST 1969","72","MALE","GRAY"
"760","Rita Archonei","Sat Apr 19 11:56:11 IST 1969","17","MALE","GRAY"
"761","Alan Valryon","Fri Aug 09 20:34:45 IST 1968","31","MALE","BLUE"
"762","Cleo Sunfyre","Sat Nov 16 05:08:34 IST 1968","94","MALE","GRAY"
"763","Zena Viserion","Fri Nov 08 01:58:24 IST 1968","36","MALE","GRAY"
"764","Garfield Meraxes","Tue Jul 16 13:13:22 IST 1968","71","MALE","BLUE"
"765","Lucio Viserion","Tue May 13 07:23:15 IST 1969","64","FEMALE","GREEN"
"766","Sam Vermithrax","Thu Jan 23 00:48:06 IST 1969","31","FEMALE","BLACK"
"767","Chaya Morghul","Sun Feb 02 04:04:52 IST 1969","27","MALE","RED"
"768","Isobel Caraxes","Fri Oct 25 09:14:08 IST 1968","33","FEMALE","BROWN"
"769","Kenya Vermithrax","Thu Aug 15 06:29:01 IST 1968","13","FEMALE","GRAY"
"770","Rusty Archonei","Mon Mar 24 14:44:21 IST 1969","54","FEMALE","BROWN"
"771","Jacklyn Drogon","Thu Jul 10 09:08:57 IST 1969","27","MALE","BLACK"
"772","Bradly Morghul","Wed Dec 18 06:18:52 IST 1968","59","FEMALE","WHITE"
"773","Danielle Balerion","Mon Jan 20 12:26:51 IST 1969","62","MALE","BLUE"
"774","Dustin Morghul","Fri Jul 04 23:54:01 IST 1969","23","FEMALE","BLUE"
"775","Griffin Shrykos","Wed Aug 21 23:37:12 IST 1968","91","MALE","YELLOW"
"776","Reyna Meleys","Mon Oct 07 16:52:30 IST 1968","74","FEMALE","YELLOW"
"777","Kody Rhaegal","Wed Jul 24 00:29:54 IST 1968","84","FEMALE","YELLOW"
"778","Oliver Morghul","Mon Jan 20 19:31:21 IST 1969","36","MALE","WHITE"
"779","Lowell Meraxes","Sat Jan 04 19:23:06 IST 1969","48","MALE","YELLOW"
"780","Elizabeth Vhagar","Mon Dec 09 21:40:52 IST 1968","14","MALE","YELLOW"
"781","Holden Drogon","Fri Aug 30 02:06:27 IST 1968","17","FEMALE","YELLOW"
"782","Corene Meraxes","Sun Feb 23 23:05:37 IST 1969","22","MALE","BLACK"
"783","Elvis Syrax","Mon Feb 24 08:28:11 IST 1969","57","MALE","GRAY"
"784","Maegan Meraxes","Wed Nov 13 05:30:46 IST 1968","50","FEMALE","YELLOW"
"785","Jolie Meleys","Sun Apr 06 10:37:33 IST 1969","93","FEMALE","WHITE"
"786","Helen Syrax","Sat May 10 19:17:57 IST 1969","73","MALE","GRAY"
"787","Trent Tyraxes","Fri Oct 18 07:52:36 IST 1968","75","FEMALE","RED"
"788","Ismael Valryon","Sat Oct 26 21:09:25 IST 1968","41","FEMALE","BLUE"
"789","Erwin Vermithrax","Mon Aug 12 03:38:38 IST 1968","43","MALE","BLUE"
"790","Randy Vhagar","Sun Sep 01 07:44:50 IST 1968","43","MALE","WHITE"
"791","Isom Ghiscar","Wed Aug 28 09:23:30 IST 1968","53","FEMALE","RED"
"792","Madge Shrykos","Wed Aug 07 03:26:00 IST 1968","21","FEMALE","WHITE"
"793","Cordie Syrax","Tue Jul 08 05:51:33 IST 1969","34","FEMALE","BLACK"
"794","Randall Caraxes","Fri Jan 03 21:40:47 IST 1969","72","FEMALE","YELLOW"
"795","Camila Meleys","Fri May 23 17:10:21 IST 1969","51","MALE","WHITE"
"796","Parker Archonei","Tue Nov 12 20:00:55 IST 1968","24","FEMALE","GRAY"
"797","Floyd Archonei","Thu May 08 17:45:49 IST 1969","45","MALE","GREEN"
"798","Lora Dreamfyre","Tue Apr 22 07:53:45 IST 1969","31","FEMALE","YELLOW"
"799","Mariano Meleys","Sun May 18 01:54:24 IST 1969","35","FEMALE","YELLOW"
"800","Maeve Morghul","Mon Jul 22 21:39:27 IST 1968","91","MALE","YELLOW"
"801","Mireille Drogon","Wed May 28 17:47:41 IST 1969","81","MALE","BLACK"
"802","Katrine Ghiscar","Tue May 06 18:46:32 IST 1969","21","MALE","GREEN"
"803","Alexis Meleys","Sun Jun 22 11:34:54 IST 1969","91","MALE","RED"
"804","Hassie Essovius","Fri Nov 15 05:11:12 IST 1968","79","MALE","BLACK"
"805","Narciso Shrykos","Wed Aug 07 18:04:31 IST 1968","38","MALE","WHITE"
"806","Maegan Viserion","Wed Jun 18 08:26:46 IST 1969","60","MALE","GREEN"
"807","Dayna Caraxes","Mon Apr 14 04:43:41 IST 1969","41","FEMALE","GREEN"
"808","Mariela Archonei","Tue Jul 30 08:01:33 IST 1968","80","FEMALE","GREEN"
"809","Maribel Sunfyre","Fri Apr 25 04:41:38 IST 1969","90","FEMALE","RED"
"810","Fiona Rhaegal","Fri Jan 17 01:37:03 IST 1969","15","FEMALE","RED"
"811","Isidro Drogon","Fri Jul 11 06:50:58 IST 1969","85","MALE","YELLOW"
"812","Royal Shrykos","Fri Mar 28 01:17:29 IST 1969","19","MALE","YELLOW"
"813","Travon Shrykos","Mon Sep 16 05:31:36 IST 1968","57","FEMALE","GREEN"
"814","Leanne Vermithrax","Thu Mar 06 15:36:40 IST 1969","43","MALE","YELLOW"
"815","Marina Morghul","Fri Sep 06 02:29:01 IST 1968","40","FEMALE","BROWN"
"816","Meda Vermithrax","Mon Aug 12 07:06:51 IST 1968","69","FEMALE","GREEN"
"817","Enos Drogon","Wed Nov 27 03:52:13 IST 1968","25","MALE","BLUE"
"818","Emie Meraxes","Sun Nov 03 13:55:00 IST 1968","50","FEMALE","BLACK"
"819","Mckenna Balerion","Sun Nov 10 02:51:03 IST 1968","76","MALE","GREEN"
"820","Megane Vhagar","Wed Sep 04 23:08:01 IST 1968","50","FEMALE","WHITE"
"821","Maude Caraxes","Sat Mar 29 04:20:25 IST 1969","89","MALE","RED"
"822","Faustino Meleys","Wed Jul 31 06:33:34 IST 1968","36","MALE","BLUE"
"823","Mary Shrykos","Mon Aug 12 20:36:16 IST 1968","94","MALE","YELLOW"
"824","Vida Archonei","Tue Apr 15 20:24:08 IST 1969","38","FEMALE","RED"
"825","Marcel Dreamfyre","Tue Dec 24 22:09:16 IST 1968","27","FEMALE","BROWN"
"826","Verla Tyraxes","Fri Nov 01 22:07:43 IST 1968","55","FEMALE","WHITE"
"827","Celestine Drogon","Tue Sep 03 02:34:50 IST 1968","69","MALE","BROWN"
"828","Adah Syrax","Sun Feb 23 06:19:30 IST 1969","28","MALE","RED"
"829","Gladys Essovius","Tue Mar 18 04:09:35 IST 1969","68","MALE","BLUE"
"830","Timmy Dreamfyre","Wed May 07 04:10:42 IST 1969","84","MALE","RED"
"831","Ramiro Syrax","Wed Oct 02 21:55:52 IST 1968","93","FEMALE","GRAY"
"832","Nikita Drogon","Mon May 05 09:10:56 IST 1969","57","MALE","YELLOW"
"833","Kiarra Archonei","Mon Nov 04 08:24:35 IST 1968","78","MALE","GRAY"
"834","Kane Valryon","Thu Jul 25 02:20:35 IST 1968","47","FEMALE","YELLOW"
"835","Marcos Archonei","Tue Jun 03 20:22:08 IST 1969","12","FEMALE","RED"
"836","Richard Valryon","Mon May 05 00:20:08 IST 1969","41","MALE","RED"
"837","Lester Syrax","Sun Jul 06 23:25:36 IST 1969","92","MALE","YELLOW"
"838","Tiana Viserion","Tue Jun 10 14:16:11 IST 1969","62","MALE","BLUE"
"839","Marcelo Morghul","Tue Jul 23 13:37:03 IST 1968","31","MALE","BROWN"
"840","Leonie Sunfyre","Fri May 23 17:28:48 IST 1969","91","MALE","RED"
"841","Tyler Syrax","Mon Apr 21 07:32:09 IST 1969","23","FEMALE","GRAY"
"842","Helmer Balerion","Thu Apr 17 16:58:04 IST 1969","41","MALE","GRAY"
"843","Frances Balerion","Sun Nov 24 00:31:03 IST 1968","60","MALE","RED"
"844","Rosamond Balerion","Thu Oct 10 22:35:28 IST 1968","40","FEMALE","WHITE"
"845","Betsy Drogon","Sat Aug 03 06:29:30 IST 1968","90","MALE","BLUE"
"846","Ronaldo Caraxes","Thu Jun 12 17:38:38 IST 1969","32","FEMALE","BLACK"
"847","Janick Caraxes","Mon Jan 27 21:32:16 IST 1969","32","FEMALE","BLACK"
"848","Annalise Balerion","Tue Mar 25 05:01:40 IST 1969","67","MALE","WHITE"
"849","Odell Meleys","Mon Jul 07 23:17:13 IST 1969","27","MALE","BLUE"
"850","Elyssa Essovius","Sun Nov 17 08:44:37 IST 1968","73","FEMALE","BROWN"
"851","Tracy Meleys","Tue Sep 17 00:47:38 IST 1968","66","MALE","YELLOW"
"852","Janae Vhagar","Fri Jul 19 16:40:48 IST 1968","20","FEMALE","GREEN"
"853","Alexane Vhagar","Thu Sep 12 17:36:12 IST 1968","51","FEMALE","BLACK"
"854","Alene Essovius","Sun Aug 04 19:54:02 IST 1968","91","FEMALE","RED"
"855","Felicita Balerion","Wed Apr 16 16:48:41 IST 1969","72","FEMALE","BROWN"
"856","Onie Meleys","Thu Feb 20 05:50:03 IST 1969","40","FEMALE","BROWN"
"857","Ila Balerion","Sun Jun 08 14:57:23 IST 1969","77","FEMALE","GREEN"
"858","Deja Drogon","Thu May 15 10:09:18 IST 1969","65","MALE","BROWN"
"859","Alivia Essovius","Thu Sep 19 11:48:19 IST 1968","14","MALE","RED"
"860","Violette Rhaegal","Fri Oct 11 07:20:30 IST 1968","92","MALE","GRAY"
"861","Sid Caraxes","Sun Dec 08 17:51:25 IST 1968","13","MALE","WHITE"
"862","Charity Drogon","Thu Jun 19 15:53:34 IST 1969","34","MALE","BLUE"
"863","Kirk Shrykos","Tue Mar 25 16:09:02 IST 1969","72","FEMALE","BROWN"
"864","Marilie Syrax","Tue Feb 25 18:04:09 IST 1969","76","MALE","WHITE"
"865","Lamont Dreamfyre","Fri Dec 13 19:29:49 IST 1968","33","FEMALE","BROWN"
"866","Grady Essovius","Sat Oct 26 07:46:59 IST 1968","49","MALE","BLUE"
"867","Lea Archonei","Thu Mar 27 14:56:48 IST 1969","46","FEMALE","BLUE"
"868","Gideon Meraxes","Fri Dec 20 03:06:20 IST 1968","35","MALE","BROWN"
"869","Nina Essovius","Sun Sep 08 18:39:45 IST 1968","46","FEMALE","BLACK"
"870","Mina Shrykos","Fri Nov 08 12:16:32 IST 1968","15","MALE","BLUE"
"871","Bettie Meleys","Thu Dec 19 05:50:20 IST 1968","50","MALE","BLUE"
"872","Monty Meleys","Thu Jun 12 09:20:58 IST 1969","47","FEMALE","BROWN"
"873","Ian Sunfyre","Fri Feb 07 07:27:35 IST 1969","46","MALE","YELLOW"
"874","Laney Sunfyre","Mon Jun 09 21:24:53 IST 1969","15","MALE","BLUE"
"875","Karolann Viserion","Sun Nov 24 20:08:05 IST 1968","36","FEMALE","WHITE"
"876","Gerson Meraxes","Wed Oct 23 12:25:55 IST 1968","89","FEMALE","YELLOW"
"877","Jaydon Archonei","Sat Jan 11 19:22:13 IST 1969","67","MALE","BLUE"
"878","Mattie Viserion","Sun Mar 09 05:24:02 IST 1969","75","MALE","BLACK"
"879","Brannon Drogon","Mon Dec 23 06:58:15 IST 1968","87","MALE","BLACK"
"880","Clare Meraxes","Mon Sep 09 19:49:11 IST 1968","81","FEMALE","GREEN"
"881","Toni Viserion","Wed Oct 02 14:44:34 IST 1968","83","FEMALE","RED"
"882","Ericka Morghul","Thu Jul 03 06:44:12 IST 1969","40","MALE","BLACK"
"883","Jay Dreamfyre","Tue Apr 29 16:06:16 IST 1969","77","MALE","RED"
"884","Judge Ghiscar","Fri Sep 27 07:55:15 IST 1968","51","MALE","GRAY"
"885","Selmer Tyraxes","Tue Dec 31 12:57:09 IST 1968","44","MALE","BLACK"
"886","Celestino Meleys","Sat Sep 28 06:02:31 IST 1968","78","MALE","BLACK"
"887","Stephan Caraxes","Mon Sep 30 16:30:51 IST 1968","52","MALE","BLACK"
"888","Brice Drogon","Mon Mar 24 05:20:02 IST 1969","43","FEMALE","BLUE"
"889","Lottie Tyraxes","Sun Jun 15 10:01:58 IST 1969","66","MALE","BLACK"
"890","Gregoria Drogon","Sun Dec 29 14:42:11 IST 1968","82","MALE","BLUE"
"891","Peter Essovius","Sat Oct 05 19:20:30 IST 1968","20","FEMALE","GRAY"
"892","Brenden Essovius","Tue Jun 24 23:14:17 IST 1969","42","FEMALE","GRAY"
"893","Jedidiah Essovius","Sun Jan 12 12:39:42 IST 1969","58","FEMALE","GRAY"
"894","Laisha Syrax","Mon Oct 28 17:32:48 IST 1968","34","MALE","GRAY"
"895","Rachael Balerion","Fri Sep 27 09:42:40 IST 1968","77","MALE","BROWN"
"896","Dashawn Archonei","Thu Sep 12 14:51:54 IST 1968","80","MALE","RED"
"897","Dayton Vhagar","Thu Jun 19 20:51:36 IST 1969","64","FEMALE","WHITE"
"898","Keshaun Drogon","Tue Dec 31 22:06:04 IST 1968","53","FEMALE","BROWN"
"899","Jazmin Vermithrax","Sat Feb 15 17:32:31 IST 1969","34","FEMALE","BLUE"
"900","Haley Meleys","Mon Aug 05 21:24:22 IST 1968","54","MALE","GRAY"
"901","Chandler Morghul","Thu Mar 13 10:22:48 IST 1969","73","FEMALE","RED"
"902","Cali Drogon","Tue Dec 10 06:39:06 IST 1968","57","FEMALE","YELLOW"
"903","Bernice Syrax","Thu Jul 10 17:33:02 IST 1969","71","FEMALE","BLACK"
"904","Alfonzo Vermithrax","Wed Jan 22 10:04:22 IST 1969","32","MALE","YELLOW"
"905","Dell Shrykos","Sat Sep 07 00:39:14 IST 1968","46","MALE","YELLOW"
"906","Karianne Archonei","Mon Oct 28 17:24:06 IST 1968","33","MALE","GREEN"
"907","Bernardo Sunfyre","Fri Feb 21 19:57:04 IST 1969","10","FEMALE","BROWN"
"908","Antonietta Syrax","Sat Jan 18 10:02:32 IST 1969","21","MALE","GREEN"
"909","Syble Sunfyre","Mon Nov 11 22:04:41 IST 1968","63","MALE","BLUE"
"910","Jessika Caraxes","Thu Aug 01 15:02:44 IST 1968","62","MALE","RED"
"911","Prince Ghiscar","Fri Nov 01 08:12:17 IST 1968","19","FEMALE","BLUE"
"912","Dino Balerion","Thu May 15 18:15:05 IST 1969","38","MALE","GREEN"
"913","Josefa Balerion","Tue Nov 05 22:06:10 IST 1968","91","FEMALE","BROWN"
"914","Julie Viserion","Wed Oct 02 22:17:43 IST 1968","60","FEMALE","RED"
"915","Jefferey Valryon","Sat Sep 07 23:17:20 IST 1968","56","FEMALE","BROWN"
"916","Ted Meleys","Mon Nov 25 17:22:12 IST 1968","15","FEMALE","BLUE"
"917","Anahi Essovius","Mon Feb 10 01:23:22 IST 1969","91","FEMALE","YELLOW"
"918","Matt Vhagar","Fri Aug 16 23:57:41 IST 1968","31","MALE","BLACK"
"919","Lew Viserion","Sun Jun 15 04:55:32 IST 1969","73","MALE","YELLOW"
"920","Trevor Morghul","Thu Dec 05 18:04:45 IST 1968","59","MALE","BLACK"
"921","Cassie Rhaegal","Thu Oct 03 09:06:41 IST 1968","71","MALE","RED"
"922","Cayla Tyraxes","Fri Aug 16 23:38:08 IST 1968","10","MALE","GREEN"
"923","Miles Syrax","Thu Mar 27 00:41:51 IST 1969","32","FEMALE","BROWN"
"924","Demario Essovius","Thu Nov 14 14:04:38 IST 1968","37","MALE","BROWN"
"925","Jazmyne Vermithrax","Mon Aug 26 07:00:10 IST 1968","74","MALE","BLUE"
"926","Tara Valryon","Fri Jul 04 04:30:48 IST 1969","34","FEMALE","GREEN"
"927","Yadira Essovius","Mon Dec 23 00:45:09 IST 1968","22","FEMALE","BROWN"
"928","Clemens Archonei","Sun Oct 13 22:18:06 IST 1968","32","MALE","YELLOW"
"929","Myron Valryon","Sat Aug 10 14:39:52 IST 1968","61","MALE","BLUE"
"930","Pietro Drogon","Sun May 04 01:19:06 IST 1969","78","MALE","WHITE"
"931","Wilhelmine Drogon","Sat Dec 28 07:33:38 IST 1968","76","FEMALE","GREEN"
"932","Lavada Shrykos","Wed Dec 18 10:36:41 IST 1968","36","MALE","GRAY"
"933","Logan Ghiscar","Sun Oct 20 04:43:35 IST 1968","67","FEMALE","GRAY"
"934","Verdie Meraxes","Mon May 26 05:01:53 IST 1969","74","MALE","WHITE"
"935","Judy Morghul","Sat Oct 26 13:13:18 IST 1968","75","MALE","GRAY"
"936","Demetris Archonei","Tue Mar 18 14:48:07 IST 1969","10","MALE","GRAY"
"937","Dameon Sunfyre","Wed Mar 05 07:57:07 IST 1969","25","MALE","YELLOW"
"938","Clay Viserion","Sun Jul 06 06:57:06 IST 1969","57","MALE","BROWN"
"939","Josh Caraxes","Thu Oct 03 11:57:53 IST 1968","95","FEMALE","WHITE"
"940","Raymundo Shrykos","Thu Feb 27 20:56:26 IST 1969","23","MALE","YELLOW"
"941","Peter Dreamfyre","Wed Jul 09 22:07:29 IST 1969","14","FEMALE","BLUE"
"942","Herta Meleys","Sat May 31 08:32:29 IST 1969","50","MALE","RED"
"943","Destinee Rhaegal","Mon Jun 09 09:57:33 IST 1969","45","MALE","BLACK"
"944","Khalid Vhagar","Tue May 20 20:30:48 IST 1969","52","FEMALE","BLACK"
"945","Joyce Vermithrax","Mon Aug 12 09:25:56 IST 1968","20","FEMALE","YELLOW"
"946","Derick Morghul","Fri Jun 27 18:33:53 IST 1969","87","FEMALE","BLUE"
"947","Ena Syrax","Fri Aug 02 01:10:39 IST 1968","51","MALE","GREEN"
"948","Russell Caraxes","Wed May 07 14:31:07 IST 1969","61","MALE","GRAY"
"949","Aliza Meraxes","Mon Oct 14 02:51:28 IST 1968","56","MALE","GRAY"
"950","Clara Archonei","Fri Feb 28 12:41:02 IST 1969","82","FEMALE","WHITE"
"951","Hannah Vermithrax","Tue Jul 23 02:53:25 IST 1968","37","MALE","YELLOW"
"952","Rosalind Ghiscar","Tue Dec 10 11:09:09 IST 1968","53","FEMALE","RED"
"953","Autumn Ghiscar","Thu Oct 17 05:54:20 IST 1968","22","MALE","YELLOW"
"954","Gregory Rhaegal","Mon Dec 30 02:25:21 IST 1968","51","FEMALE","BROWN"
"955","Greyson Drogon","Mon Jul 07 18:41:56 IST 1969","34","FEMALE","GREEN"
"956","Hillard Syrax","Tue Feb 25 15:03:40 IST 1969","70","MALE","WHITE"
"957","Ernestine Syrax","Tue Feb 25 01:32:33 IST 1969","80","MALE","BLUE"
"958","Deon Sunfyre","Tue Mar 04 10:53:31 IST 1969","14","MALE","WHITE"
"959","Florencio Caraxes","Thu Apr 17 14:05:13 IST 1969","52","MALE","BLUE"
"960","Agustina Drogon","Thu May 29 14:41:45 IST 1969","64","FEMALE","GREEN"
"961","Kathleen Balerion","Wed Apr 09 00:31:40 IST 1969","16","FEMALE","GREEN"
"962","Vickie Dreamfyre","Tue Jul 16 19:12:21 IST 1968","29","MALE","GREEN"
"963","Ashlynn Balerion","Sat Jan 18 02:44:15 IST 1969","20","FEMALE","BLUE"
"964","Valentin Sunfyre","Sun Jun 22 06:07:13 IST 1969","92","FEMALE","WHITE"
"965","Danika Ghiscar","Tue Aug 13 01:16:40 IST 1968","55","MALE","BLUE"
"966","Fern Balerion","Tue Dec 17 13:36:36 IST 1968","45","MALE","YELLOW"
"967","Derek Balerion","Fri Jan 31 02:43:23 IST 1969","91","MALE","RED"
"968","Sylvia Syrax","Wed Jul 31 00:27:41 IST 1968","50","MALE","RED"
"969","Jennie Vermithrax","Sun Dec 01 12:47:43 IST 1968","44","FEMALE","BROWN"
"970","Josephine Ghiscar","Sun Jul 13 12:11:41 IST 1969","77","MALE","YELLOW"
"971","Fausto Morghul","Tue Nov 26 23:42:15 IST 1968","53","FEMALE","BROWN"
"972","Rubye Drogon","Tue May 06 06:56:15 IST 1969","33","FEMALE","RED"
"973","Tavares Viserion","Sun Dec 22 15:39:59 IST 1968","54","MALE","BLUE"
"974","Vito Syrax","Sat May 31 23:40:31 IST 1969","77","MALE","BROWN"
"975","Dallin Archonei","Thu May 22 06:42:50 IST 1969","69","MALE","GREEN"
"976","Vern Balerion","Tue Jul 08 15:28:02 IST 1969","10","FEMALE","RED"
"977","Mac Vermithrax","Sat Feb 01 16:47:11 IST 1969","38","FEMALE","BLUE"
"978","Marilyne Tyraxes","Tue Nov 19 11:28:38 IST 1968","12","MALE","GRAY"
"979","Lucile Valryon","Fri Sep 13 18:22:40 IST 1968","52","FEMALE","BLUE"
"980","Davonte Vermithrax","Thu Feb 20 15:13:22 IST 1969","44","FEMALE","RED"
"981","Johann Morghul","Thu Aug 29 16:21:39 IST 1968","27","MALE","WHITE"
"982","Novella Meraxes","Fri Jul 04 00:12:07 IST 1969","67","MALE","GREEN"
"983","Tierra Drogon","Tue Feb 18 06:08:23 IST 1969","58","MALE","BROWN"
"984","Isabelle Balerion","Thu Feb 20 10:52:47 IST 1969","32","MALE","BROWN"
"985","Eliane Caraxes","Sun Nov 03 18:43:59 IST 1968","43","MALE","BLACK"
"986","Amira Dreamfyre","Thu Oct 03 20:38:38 IST 1968","78","MALE","BROWN"
"987","Laney Ghiscar","Mon Feb 17 15:32:17 IST 1969","36","FEMALE","GREEN"
"988","Violet Shrykos","Sat Apr 19 17:35:48 IST 1969","61","MALE","BROWN"
"989","Eleonore Archonei","Fri Jun 20 02:20:37 IST 1969","82","FEMALE","GREEN"
"990","Margot Meleys","Thu Jun 12 00:23:07 IST 1969","14","MALE","BLACK"
"991","Simeon Dreamfyre","Sat Feb 22 10:40:49 IST 1969","29","MALE","YELLOW"
"992","Amara Vermithrax","Wed Jul 09 02:47:15 IST 1969","61","FEMALE","GREEN"
"993","Webster Valryon","Wed Mar 26 14:20:17 IST 1969","89","FEMALE","BLUE"
"994","Pierce Caraxes","Sat Oct 12 06:18:11 IST 1968","87","MALE","BLUE"
"995","Wilford Vermithrax","Wed Oct 02 23:55:02 IST 1968","48","FEMALE","BLACK"
"996","Alan Essovius","Tue Apr 15 21:44:58 IST 1969","48","MALE","BROWN"
"997","Jillian Archonei","Tue Jun 24 03:07:49 IST 1969","72","MALE","BLUE"
"998","Isaias Viserion","Thu Dec 12 13:23:55 IST 1968","77","MALE","WHITE"
"999","Pascale Shrykos","Thu Aug 29 17:11:24 IST 1968","88","MALE","BLUE"
